INFO: [Common 17-3922] A valid Vivado Design Suite BASIC license has been detected. Your current license is active and will expire on 17-jul-2027.
#-----------------------------------------------------------
# Vivado v2026.1 (64-bit)
# SW Build 6511674 on Tue Jun 16 11:01:26 MDT 2026
# IP Build 6504888 on Tue Jun 09 09:05:25 MDT 2026
# SharedData Build 6501428 on Mon Jun 08 17:34:18 MDT 2026
# Start of session at: Wed Aug 19 11:42:37 2026
# Process ID         : 256561
# Current directory  : /home/lachlan/multicam-kria-k26
# Command line       : vivado -mode batch -source hardware/build-hardware.tcl -tclargs /home/lachlan/multicam-kria-k26/build-hw 8
# Log file           : /home/lachlan/multicam-kria-k26/vivado.log
# Journal file       : /home/lachlan/multicam-kria-k26/vivado.jou
# Running On         : lpdeb
# Platform           : Debian
# Operating System   : Debian GNU/Linux 13 (trixie)
# Processor Detail   : Intel(R) Core(TM) i7-9750H CPU @ 2.60GHz
# CPU Frequency      : 1399.995 MHz
# CPU Physical cores : 6
# CPU Logical cores  : 12
# Host memory        : 33284 MB
# Swap memory        : 13143 MB
# Total Virtual      : 46428 MB
# Available Virtual  : 29631 MB
#-----------------------------------------------------------
source hardware/build-hardware.tcl
# if {$argc < 1 || $argc > 2} {
#     error "usage: build-hardware.tcl OUTPUT_DIRECTORY ?JOBS?"
# }
# set output_dir [file normalize [lindex $argv 0]]
# set jobs [expr {$argc == 2 ? [lindex $argv 1] : 8}]
# set source_dir [file dirname [file normalize [info script]]]
# file mkdir $output_dir
# cd $output_dir
# source [file join $source_dir design_1.tcl]
## namespace eval _tcl {
## proc get_script_folder {} {
##    set script_path [file normalize [info script]]
##    set script_folder [file dirname $script_path]
##    return $script_folder
## }
## }
## variable script_folder
## set script_folder [_tcl::get_script_folder]
## set scripts_vivado_version 2026.1
## set current_vivado_version [version -short]
## if { [string first $scripts_vivado_version $current_vivado_version] == -1 } {
##    puts ""
##    if { [string compare $scripts_vivado_version $current_vivado_version] > 0 } {
##       catch {common::send_gid_msg -ssname BD::TCL -id 2042 -severity "ERROR" " This script was generated using Vivado <$scripts_vivado_version> and is being run in <$current_vivado_version> of Vivado. Sourcing the script failed since it was created with a future version of Vivado."}
## 
##    } else {
##      catch {common::send_gid_msg -ssname BD::TCL -id 2041 -severity "ERROR" "This script was generated using Vivado <$scripts_vivado_version> and is being run in <$current_vivado_version> of Vivado. Please run the script in Vivado <$scripts_vivado_version> then open the design in Vivado <$current_vivado_version>. Upgrade the design by running \"Tools => Report => Report IP Status...\", then run write_bd_tcl to create an updated script."}
## 
##    }
## 
##    return 1
## }
## set list_projs [get_projects -quiet]
## if { $list_projs eq "" } {
##    # This repository's batch build uses a dedicated build-hw directory.
##    # -force makes `make rebuild-and-deploy` reproducible on later runs.
##    create_project -force project_1 myproj -part xck26-sfvc784-2LV-c
##    set_property BOARD_PART xilinx.com:kv260_som:part0:2.0 [current_project]
##   set_property BOARD_CONNECTIONS { som240_1_connector xilinx.com:kv260_carrier:som240_1_connector:2.0} [current_project]
## }
create_project: Time (s): cpu = 00:01:07 ; elapsed = 00:00:11 . Memory (MB): peak = 1714.387 ; gain = 272.055 ; free physical = 7029 ; free virtual = 28165
## variable design_name
## set design_name design_1
## set errMsg ""
## set nRet 0
## set cur_design [current_bd_design -quiet]
## set list_cells [get_bd_cells -quiet]
## if { ${design_name} eq "" } {
##    # USE CASES:
##    #    1) Design_name not set
## 
##    set errMsg "Please set the variable <design_name> to a non-empty value."
##    set nRet 1
## 
## } elseif { ${cur_design} ne "" && ${list_cells} eq "" } {
##    # USE CASES:
##    #    2): Current design opened AND is empty AND names same.
##    #    3): Current design opened AND is empty AND names diff; design_name NOT in project.
##    #    4): Current design opened AND is empty AND names diff; design_name exists in project.
## 
##    if { $cur_design ne $design_name } {
##       common::send_gid_msg -ssname BD::TCL -id 2001 -severity "INFO" "Changing value of <design_name> from <$design_name> to <$cur_design> since current design is empty."
##       set design_name [get_property NAME $cur_design]
##    }
##    common::send_gid_msg -ssname BD::TCL -id 2002 -severity "INFO" "Constructing design in IPI design <$cur_design>..."
## 
## } elseif { ${cur_design} ne "" && $list_cells ne "" && $cur_design eq $design_name } {
##    # USE CASES:
##    #    5) Current design opened AND has components AND same names.
## 
##    set errMsg "Design <$design_name> already exists in your project, please set the variable <design_name> to another value."
##    set nRet 1
## } elseif { [get_files -quiet ${design_name}.bd] ne "" } {
##    # USE CASES: 
##    #    6) Current opened design, has components, but diff names, design_name exists in project.
##    #    7) No opened design, design_name exists in project.
## 
##    set errMsg "Design <$design_name> already exists in your project, please set the variable <design_name> to another value."
##    set nRet 2
## 
## } else {
##    # USE CASES:
##    #    8) No opened design, design_name not in project.
##    #    9) Current opened design, has components, but diff names, design_name not in project.
## 
##    common::send_gid_msg -ssname BD::TCL -id 2003 -severity "INFO" "Currently there is no design <$design_name> in project, so creating one..."
## 
##    create_bd_design $design_name
## 
##    common::send_gid_msg -ssname BD::TCL -id 2004 -severity "INFO" "Making design <$design_name> as current_bd_design."
##    current_bd_design $design_name
## 
## }
INFO: [BD::TCL 103-2003] Currently there is no design <design_1> in project, so creating one...
Wrote  : </home/lachlan/multicam-kria-k26/build-hw/myproj/project_1.srcs/sources_1/bd/design_1/design_1.bd> 
INFO: [BD::TCL 103-2004] Making design <design_1> as current_bd_design.
## common::send_gid_msg -ssname BD::TCL -id 2005 -severity "INFO" "Currently the variable <design_name> is equal to \"$design_name\"."
INFO: [BD::TCL 103-2005] Currently the variable <design_name> is equal to "design_1".
## if { $nRet != 0 } {
##    catch {common::send_gid_msg -ssname BD::TCL -id 2006 -severity "ERROR" $errMsg}
##    return $nRet
## }
## set bCheckIPsPassed 1
## set bCheckIPs 1
## if { $bCheckIPs == 1 } {
##    set list_check_ips "\ 
## xilinx.com:ip:mipi_csi2_rx_subsystem:6.0\
## xilinx.com:ip:zynq_ultra_ps_e:3.5\
## xilinx.com:ip:smartconnect:1.0\
## xilinx.com:ip:proc_sys_reset:5.0\
## xilinx.com:ip:axi_iic:2.1\
## xilinx.com:ip:xlconstant:1.1\
## xilinx.com:ip:v_frmbuf_wr:3.1\
## xilinx.com:ip:xlconcat:2.1\
## xilinx.com:ip:v_demosaic:1.1\
## "
## 
##    set list_ips_missing ""
##    common::send_gid_msg -ssname BD::TCL -id 2011 -severity "INFO" "Checking if the following IPs exist in the project's IP catalog: $list_check_ips ."
## 
##    foreach ip_vlnv $list_check_ips {
##       set ip_obj [get_ipdefs -all $ip_vlnv]
##       if { $ip_obj eq "" } {
##          lappend list_ips_missing $ip_vlnv
##       }
##    }
## 
##    if { $list_ips_missing ne "" } {
##       catch {common::send_gid_msg -ssname BD::TCL -id 2012 -severity "ERROR" "The following IPs are not found in the IP Catalog:\n  $list_ips_missing\n\nResolution: Please add the repository containing the IP(s) to the project." }
##       set bCheckIPsPassed 0
##    }
## 
## }
INFO: [BD::TCL 103-2011] Checking if the following IPs exist in the project's IP catalog:  
xilinx.com:ip:mipi_csi2_rx_subsystem:6.0 xilinx.com:ip:zynq_ultra_ps_e:3.5 xilinx.com:ip:smartconnect:1.0 xilinx.com:ip:proc_sys_reset:5.0 xilinx.com:ip:axi_iic:2.1 xilinx.com:ip:xlconstant:1.1 xilinx.com:ip:v_frmbuf_wr:3.1 xilinx.com:ip:xlconcat:2.1 xilinx.com:ip:v_demosaic:1.1  .
## if { $bCheckIPsPassed != 1 } {
##   common::send_gid_msg -ssname BD::TCL -id 2023 -severity "WARNING" "Will not continue with creation of design due to the error(s) above."
##   return 3
## }
## proc create_root_design { parentCell } {
## 
##   variable script_folder
##   variable design_name
## 
##   if { $parentCell eq "" } {
##      set parentCell [get_bd_cells /]
##   }
## 
##   # Get object for parentCell
##   set parentObj [get_bd_cells $parentCell]
##   if { $parentObj == "" } {
##      catch {common::send_gid_msg -ssname BD::TCL -id 2090 -severity "ERROR" "Unable to find parent cell <$parentCell>!"}
##      return
##   }
## 
##   # Make sure parentObj is hier blk
##   set parentType [get_property TYPE $parentObj]
##   if { $parentType ne "hier" } {
##      catch {common::send_gid_msg -ssname BD::TCL -id 2091 -severity "ERROR" "Parent <$parentObj> has TYPE = <$parentType>. Expected to be <hier>."}
##      return
##   }
## 
##   # Save current instance; Restore later
##   set oldCurInst [current_bd_instance .]
## 
##   # Set parent object as current
##   current_bd_instance $parentObj
## 
## 
##   # Create interface ports
##   set som240_1_connector_mipi_csi_raspi [ create_bd_intf_port -mode Slave -vlnv xilinx.com:interface:mipi_phy_rtl:1.0 som240_1_connector_mipi_csi_raspi ]
## 
##   set som240_1_connector_hda_iic_switch [ create_bd_intf_port -mode Master -vlnv xilinx.com:interface:iic_rtl:1.0 som240_1_connector_hda_iic_switch ]
## 
## 
##   # Create ports
##   set rpi_cam_en [ create_bd_port -dir O -from 0 -to 0 rpi_cam_en ]
## 
##   # Create instance: mipi_csi2_rx_subsyst_0, and set properties
##   set mipi_csi2_rx_subsyst_0 [ create_bd_cell -type ip -vlnv xilinx.com:ip:mipi_csi2_rx_subsystem:6.0 mipi_csi2_rx_subsyst_0 ]
##   set_property -dict [list \
##     CONFIG.CMN_NUM_LANES {2} \
##     CONFIG.CMN_PXL_FORMAT {RAW10} \
##     CONFIG.CSI_BUF_DEPTH {8192} \
##     CONFIG.C_HS_LINE_RATE {912} \
##     CONFIG.C_INC_PHY {true} \
##     CONFIG.DPHYRX_BOARD_INTERFACE {som240_1_connector_mipi_csi_raspi} \
##     CONFIG.DPY_EN_REG_IF {true} \
##     CONFIG.SupportLevel {1} \
##     CONFIG.USE_BOARD_FLOW {true} \
##   ] $mipi_csi2_rx_subsyst_0
## 
## 
##   # Create instance: zynq_ultra_ps_e_0, and set properties
##   set zynq_ultra_ps_e_0 [ create_bd_cell -type ip -vlnv xilinx.com:ip:zynq_ultra_ps_e:3.5 zynq_ultra_ps_e_0 ]
##   set_property -dict [list \
##     CONFIG.CAN0_BOARD_INTERFACE {custom} \
##     CONFIG.CAN1_BOARD_INTERFACE {custom} \
##     CONFIG.CSU_BOARD_INTERFACE {custom} \
##     CONFIG.DP_BOARD_INTERFACE {custom} \
##     CONFIG.GEM0_BOARD_INTERFACE {custom} \
##     CONFIG.GEM1_BOARD_INTERFACE {custom} \
##     CONFIG.GEM2_BOARD_INTERFACE {custom} \
##     CONFIG.GEM3_BOARD_INTERFACE {custom} \
##     CONFIG.GPIO_BOARD_INTERFACE {custom} \
##     CONFIG.IIC0_BOARD_INTERFACE {custom} \
##     CONFIG.IIC1_BOARD_INTERFACE {custom} \
##     CONFIG.NAND_BOARD_INTERFACE {custom} \
##     CONFIG.PCIE_BOARD_INTERFACE {custom} \
##     CONFIG.PJTAG_BOARD_INTERFACE {custom} \
##     CONFIG.PMU_BOARD_INTERFACE {custom} \
##     CONFIG.PSU_BANK_0_IO_STANDARD {LVCMOS33} \
##     CONFIG.PSU_BANK_1_IO_STANDARD {LVCMOS33} \
##     CONFIG.PSU_BANK_2_IO_STANDARD {LVCMOS33} \
##     CONFIG.PSU_BANK_3_IO_STANDARD {LVCMOS33} \
##     CONFIG.PSU_DDR_RAM_HIGHADDR {0x7FFFFFFF} \
##     CONFIG.PSU_DDR_RAM_HIGHADDR_OFFSET {0x00000002} \
##     CONFIG.PSU_DDR_RAM_LOWADDR_OFFSET {0x80000000} \
##     CONFIG.PSU_IMPORT_BOARD_PRESET {} \
##     CONFIG.PSU_MIO_0_DRIVE_STRENGTH {12} \
##     CONFIG.PSU_MIO_0_INPUT_TYPE {cmos} \
##     CONFIG.PSU_MIO_0_PULLUPDOWN {pullup} \
##     CONFIG.PSU_MIO_0_SLEW {fast} \
##     CONFIG.PSU_MIO_10_DRIVE_STRENGTH {12} \
##     CONFIG.PSU_MIO_10_INPUT_TYPE {cmos} \
##     CONFIG.PSU_MIO_10_PULLUPDOWN {pullup} \
##     CONFIG.PSU_MIO_10_SLEW {fast} \
##     CONFIG.PSU_MIO_11_DRIVE_STRENGTH {12} \
##     CONFIG.PSU_MIO_11_INPUT_TYPE {cmos} \
##     CONFIG.PSU_MIO_11_PULLUPDOWN {pullup} \
##     CONFIG.PSU_MIO_11_SLEW {fast} \
##     CONFIG.PSU_MIO_12_DRIVE_STRENGTH {12} \
##     CONFIG.PSU_MIO_12_INPUT_TYPE {cmos} \
##     CONFIG.PSU_MIO_12_PULLUPDOWN {pullup} \
##     CONFIG.PSU_MIO_12_SLEW {fast} \
##     CONFIG.PSU_MIO_13_DRIVE_STRENGTH {12} \
##     CONFIG.PSU_MIO_13_INPUT_TYPE {cmos} \
##     CONFIG.PSU_MIO_13_PULLUPDOWN {pullup} \
##     CONFIG.PSU_MIO_13_SLEW {fast} \
##     CONFIG.PSU_MIO_14_DRIVE_STRENGTH {12} \
##     CONFIG.PSU_MIO_14_INPUT_TYPE {cmos} \
##     CONFIG.PSU_MIO_14_PULLUPDOWN {pullup} \
##     CONFIG.PSU_MIO_14_SLEW {fast} \
##     CONFIG.PSU_MIO_15_DRIVE_STRENGTH {12} \
##     CONFIG.PSU_MIO_15_INPUT_TYPE {cmos} \
##     CONFIG.PSU_MIO_15_PULLUPDOWN {pullup} \
##     CONFIG.PSU_MIO_15_SLEW {fast} \
##     CONFIG.PSU_MIO_16_DRIVE_STRENGTH {12} \
##     CONFIG.PSU_MIO_16_INPUT_TYPE {cmos} \
##     CONFIG.PSU_MIO_16_PULLUPDOWN {pullup} \
##     CONFIG.PSU_MIO_16_SLEW {fast} \
##     CONFIG.PSU_MIO_17_DRIVE_STRENGTH {12} \
##     CONFIG.PSU_MIO_17_INPUT_TYPE {cmos} \
##     CONFIG.PSU_MIO_17_PULLUPDOWN {pullup} \
##     CONFIG.PSU_MIO_17_SLEW {fast} \
##     CONFIG.PSU_MIO_18_DRIVE_STRENGTH {12} \
##     CONFIG.PSU_MIO_18_INPUT_TYPE {cmos} \
##     CONFIG.PSU_MIO_18_PULLUPDOWN {pullup} \
##     CONFIG.PSU_MIO_18_SLEW {fast} \
##     CONFIG.PSU_MIO_19_DRIVE_STRENGTH {12} \
##     CONFIG.PSU_MIO_19_INPUT_TYPE {cmos} \
##     CONFIG.PSU_MIO_19_PULLUPDOWN {pullup} \
##     CONFIG.PSU_MIO_19_SLEW {fast} \
##     CONFIG.PSU_MIO_1_DRIVE_STRENGTH {12} \
##     CONFIG.PSU_MIO_1_INPUT_TYPE {cmos} \
##     CONFIG.PSU_MIO_1_PULLUPDOWN {pullup} \
##     CONFIG.PSU_MIO_1_SLEW {fast} \
##     CONFIG.PSU_MIO_20_DRIVE_STRENGTH {12} \
##     CONFIG.PSU_MIO_20_INPUT_TYPE {cmos} \
##     CONFIG.PSU_MIO_20_PULLUPDOWN {pullup} \
##     CONFIG.PSU_MIO_20_SLEW {fast} \
##     CONFIG.PSU_MIO_21_DRIVE_STRENGTH {12} \
##     CONFIG.PSU_MIO_21_INPUT_TYPE {cmos} \
##     CONFIG.PSU_MIO_21_PULLUPDOWN {pullup} \
##     CONFIG.PSU_MIO_21_SLEW {fast} \
##     CONFIG.PSU_MIO_22_DRIVE_STRENGTH {12} \
##     CONFIG.PSU_MIO_22_INPUT_TYPE {cmos} \
##     CONFIG.PSU_MIO_22_PULLUPDOWN {pullup} \
##     CONFIG.PSU_MIO_22_SLEW {fast} \
##     CONFIG.PSU_MIO_23_DRIVE_STRENGTH {12} \
##     CONFIG.PSU_MIO_23_INPUT_TYPE {cmos} \
##     CONFIG.PSU_MIO_23_PULLUPDOWN {pullup} \
##     CONFIG.PSU_MIO_23_SLEW {fast} \
##     CONFIG.PSU_MIO_24_DRIVE_STRENGTH {12} \
##     CONFIG.PSU_MIO_24_INPUT_TYPE {cmos} \
##     CONFIG.PSU_MIO_24_PULLUPDOWN {pullup} \
##     CONFIG.PSU_MIO_24_SLEW {fast} \
##     CONFIG.PSU_MIO_25_DRIVE_STRENGTH {12} \
##     CONFIG.PSU_MIO_25_INPUT_TYPE {cmos} \
##     CONFIG.PSU_MIO_25_PULLUPDOWN {pullup} \
##     CONFIG.PSU_MIO_25_SLEW {fast} \
##     CONFIG.PSU_MIO_26_DRIVE_STRENGTH {12} \
##     CONFIG.PSU_MIO_26_INPUT_TYPE {cmos} \
##     CONFIG.PSU_MIO_26_PULLUPDOWN {pullup} \
##     CONFIG.PSU_MIO_26_SLEW {fast} \
##     CONFIG.PSU_MIO_27_DRIVE_STRENGTH {12} \
##     CONFIG.PSU_MIO_27_INPUT_TYPE {cmos} \
##     CONFIG.PSU_MIO_27_PULLUPDOWN {pullup} \
##     CONFIG.PSU_MIO_27_SLEW {fast} \
##     CONFIG.PSU_MIO_28_DRIVE_STRENGTH {12} \
##     CONFIG.PSU_MIO_28_INPUT_TYPE {cmos} \
##     CONFIG.PSU_MIO_28_PULLUPDOWN {pullup} \
##     CONFIG.PSU_MIO_28_SLEW {fast} \
##     CONFIG.PSU_MIO_29_DRIVE_STRENGTH {12} \
##     CONFIG.PSU_MIO_29_INPUT_TYPE {cmos} \
##     CONFIG.PSU_MIO_29_PULLUPDOWN {pullup} \
##     CONFIG.PSU_MIO_29_SLEW {fast} \
##     CONFIG.PSU_MIO_2_DRIVE_STRENGTH {12} \
##     CONFIG.PSU_MIO_2_INPUT_TYPE {cmos} \
##     CONFIG.PSU_MIO_2_PULLUPDOWN {pullup} \
##     CONFIG.PSU_MIO_2_SLEW {fast} \
##     CONFIG.PSU_MIO_30_DIRECTION {in} \
##     CONFIG.PSU_MIO_30_DRIVE_STRENGTH {12} \
##     CONFIG.PSU_MIO_30_INPUT_TYPE {cmos} \
##     CONFIG.PSU_MIO_30_PULLUPDOWN {pullup} \
##     CONFIG.PSU_MIO_30_SLEW {fast} \
##     CONFIG.PSU_MIO_31_DRIVE_STRENGTH {12} \
##     CONFIG.PSU_MIO_31_INPUT_TYPE {cmos} \
##     CONFIG.PSU_MIO_31_PULLUPDOWN {pullup} \
##     CONFIG.PSU_MIO_31_SLEW {fast} \
##     CONFIG.PSU_MIO_32_DRIVE_STRENGTH {12} \
##     CONFIG.PSU_MIO_32_INPUT_TYPE {cmos} \
##     CONFIG.PSU_MIO_32_PULLUPDOWN {pullup} \
##     CONFIG.PSU_MIO_32_SLEW {fast} \
##     CONFIG.PSU_MIO_33_DRIVE_STRENGTH {12} \
##     CONFIG.PSU_MIO_33_INPUT_TYPE {cmos} \
##     CONFIG.PSU_MIO_33_PULLUPDOWN {pullup} \
##     CONFIG.PSU_MIO_33_SLEW {fast} \
##     CONFIG.PSU_MIO_34_DIRECTION {inout} \
##     CONFIG.PSU_MIO_34_DRIVE_STRENGTH {12} \
##     CONFIG.PSU_MIO_34_INPUT_TYPE {cmos} \
##     CONFIG.PSU_MIO_34_PULLUPDOWN {pullup} \
##     CONFIG.PSU_MIO_34_SLEW {fast} \
##     CONFIG.PSU_MIO_35_DRIVE_STRENGTH {12} \
##     CONFIG.PSU_MIO_35_INPUT_TYPE {cmos} \
##     CONFIG.PSU_MIO_35_PULLUPDOWN {pullup} \
##     CONFIG.PSU_MIO_35_SLEW {fast} \
##     CONFIG.PSU_MIO_36_DRIVE_STRENGTH {12} \
##     CONFIG.PSU_MIO_36_INPUT_TYPE {cmos} \
##     CONFIG.PSU_MIO_36_PULLUPDOWN {pullup} \
##     CONFIG.PSU_MIO_36_SLEW {fast} \
##     CONFIG.PSU_MIO_37_DRIVE_STRENGTH {12} \
##     CONFIG.PSU_MIO_37_INPUT_TYPE {cmos} \
##     CONFIG.PSU_MIO_37_PULLUPDOWN {pullup} \
##     CONFIG.PSU_MIO_37_SLEW {fast} \
##     CONFIG.PSU_MIO_38_DRIVE_STRENGTH {12} \
##     CONFIG.PSU_MIO_38_INPUT_TYPE {cmos} \
##     CONFIG.PSU_MIO_38_PULLUPDOWN {pullup} \
##     CONFIG.PSU_MIO_38_SLEW {fast} \
##     CONFIG.PSU_MIO_39_DRIVE_STRENGTH {12} \
##     CONFIG.PSU_MIO_39_INPUT_TYPE {cmos} \
##     CONFIG.PSU_MIO_39_PULLUPDOWN {pullup} \
##     CONFIG.PSU_MIO_39_SLEW {fast} \
##     CONFIG.PSU_MIO_3_DRIVE_STRENGTH {12} \
##     CONFIG.PSU_MIO_3_INPUT_TYPE {cmos} \
##     CONFIG.PSU_MIO_3_PULLUPDOWN {pullup} \
##     CONFIG.PSU_MIO_3_SLEW {fast} \
##     CONFIG.PSU_MIO_40_DRIVE_STRENGTH {12} \
##     CONFIG.PSU_MIO_40_INPUT_TYPE {cmos} \
##     CONFIG.PSU_MIO_40_PULLUPDOWN {pullup} \
##     CONFIG.PSU_MIO_40_SLEW {fast} \
##     CONFIG.PSU_MIO_41_DRIVE_STRENGTH {12} \
##     CONFIG.PSU_MIO_41_INPUT_TYPE {cmos} \
##     CONFIG.PSU_MIO_41_PULLUPDOWN {pullup} \
##     CONFIG.PSU_MIO_41_SLEW {fast} \
##     CONFIG.PSU_MIO_42_DRIVE_STRENGTH {12} \
##     CONFIG.PSU_MIO_42_INPUT_TYPE {cmos} \
##     CONFIG.PSU_MIO_42_PULLUPDOWN {pullup} \
##     CONFIG.PSU_MIO_42_SLEW {fast} \
##     CONFIG.PSU_MIO_43_DIRECTION {inout} \
##     CONFIG.PSU_MIO_43_DRIVE_STRENGTH {12} \
##     CONFIG.PSU_MIO_43_INPUT_TYPE {cmos} \
##     CONFIG.PSU_MIO_43_PULLUPDOWN {pullup} \
##     CONFIG.PSU_MIO_43_SLEW {fast} \
##     CONFIG.PSU_MIO_44_DIRECTION {inout} \
##     CONFIG.PSU_MIO_44_DRIVE_STRENGTH {12} \
##     CONFIG.PSU_MIO_44_INPUT_TYPE {cmos} \
##     CONFIG.PSU_MIO_44_PULLUPDOWN {pullup} \
##     CONFIG.PSU_MIO_44_SLEW {fast} \
##     CONFIG.PSU_MIO_45_DRIVE_STRENGTH {12} \
##     CONFIG.PSU_MIO_45_INPUT_TYPE {cmos} \
##     CONFIG.PSU_MIO_45_PULLUPDOWN {pullup} \
##     CONFIG.PSU_MIO_45_SLEW {fast} \
##     CONFIG.PSU_MIO_46_DRIVE_STRENGTH {12} \
##     CONFIG.PSU_MIO_46_INPUT_TYPE {cmos} \
##     CONFIG.PSU_MIO_46_PULLUPDOWN {pullup} \
##     CONFIG.PSU_MIO_46_SLEW {fast} \
##     CONFIG.PSU_MIO_47_DRIVE_STRENGTH {12} \
##     CONFIG.PSU_MIO_47_INPUT_TYPE {cmos} \
##     CONFIG.PSU_MIO_47_PULLUPDOWN {pullup} \
##     CONFIG.PSU_MIO_47_SLEW {fast} \
##     CONFIG.PSU_MIO_48_DRIVE_STRENGTH {12} \
##     CONFIG.PSU_MIO_48_INPUT_TYPE {cmos} \
##     CONFIG.PSU_MIO_48_PULLUPDOWN {pullup} \
##     CONFIG.PSU_MIO_48_SLEW {fast} \
##     CONFIG.PSU_MIO_49_DRIVE_STRENGTH {12} \
##     CONFIG.PSU_MIO_49_INPUT_TYPE {cmos} \
##     CONFIG.PSU_MIO_49_PULLUPDOWN {pullup} \
##     CONFIG.PSU_MIO_49_SLEW {fast} \
##     CONFIG.PSU_MIO_4_DRIVE_STRENGTH {12} \
##     CONFIG.PSU_MIO_4_INPUT_TYPE {cmos} \
##     CONFIG.PSU_MIO_4_PULLUPDOWN {pullup} \
##     CONFIG.PSU_MIO_4_SLEW {fast} \
##     CONFIG.PSU_MIO_50_DRIVE_STRENGTH {12} \
##     CONFIG.PSU_MIO_50_INPUT_TYPE {cmos} \
##     CONFIG.PSU_MIO_50_PULLUPDOWN {pullup} \
##     CONFIG.PSU_MIO_50_SLEW {fast} \
##     CONFIG.PSU_MIO_51_DRIVE_STRENGTH {12} \
##     CONFIG.PSU_MIO_51_INPUT_TYPE {cmos} \
##     CONFIG.PSU_MIO_51_PULLUPDOWN {pullup} \
##     CONFIG.PSU_MIO_51_SLEW {fast} \
##     CONFIG.PSU_MIO_52_DRIVE_STRENGTH {12} \
##     CONFIG.PSU_MIO_52_INPUT_TYPE {cmos} \
##     CONFIG.PSU_MIO_52_PULLUPDOWN {pullup} \
##     CONFIG.PSU_MIO_52_SLEW {fast} \
##     CONFIG.PSU_MIO_53_DRIVE_STRENGTH {12} \
##     CONFIG.PSU_MIO_53_INPUT_TYPE {cmos} \
##     CONFIG.PSU_MIO_53_PULLUPDOWN {pullup} \
##     CONFIG.PSU_MIO_53_SLEW {fast} \
##     CONFIG.PSU_MIO_54_DRIVE_STRENGTH {12} \
##     CONFIG.PSU_MIO_54_INPUT_TYPE {cmos} \
##     CONFIG.PSU_MIO_54_PULLUPDOWN {pullup} \
##     CONFIG.PSU_MIO_54_SLEW {fast} \
##     CONFIG.PSU_MIO_55_DRIVE_STRENGTH {12} \
##     CONFIG.PSU_MIO_55_INPUT_TYPE {cmos} \
##     CONFIG.PSU_MIO_55_PULLUPDOWN {pullup} \
##     CONFIG.PSU_MIO_55_SLEW {fast} \
##     CONFIG.PSU_MIO_56_DRIVE_STRENGTH {12} \
##     CONFIG.PSU_MIO_56_INPUT_TYPE {cmos} \
##     CONFIG.PSU_MIO_56_PULLUPDOWN {pullup} \
##     CONFIG.PSU_MIO_56_SLEW {fast} \
##     CONFIG.PSU_MIO_57_DRIVE_STRENGTH {12} \
##     CONFIG.PSU_MIO_57_INPUT_TYPE {cmos} \
##     CONFIG.PSU_MIO_57_PULLUPDOWN {pullup} \
##     CONFIG.PSU_MIO_57_SLEW {fast} \
##     CONFIG.PSU_MIO_58_DRIVE_STRENGTH {12} \
##     CONFIG.PSU_MIO_58_INPUT_TYPE {cmos} \
##     CONFIG.PSU_MIO_58_PULLUPDOWN {pullup} \
##     CONFIG.PSU_MIO_58_SLEW {fast} \
##     CONFIG.PSU_MIO_59_DRIVE_STRENGTH {12} \
##     CONFIG.PSU_MIO_59_INPUT_TYPE {cmos} \
##     CONFIG.PSU_MIO_59_PULLUPDOWN {pullup} \
##     CONFIG.PSU_MIO_59_SLEW {fast} \
##     CONFIG.PSU_MIO_5_DRIVE_STRENGTH {12} \
##     CONFIG.PSU_MIO_5_INPUT_TYPE {cmos} \
##     CONFIG.PSU_MIO_5_PULLUPDOWN {pullup} \
##     CONFIG.PSU_MIO_5_SLEW {fast} \
##     CONFIG.PSU_MIO_60_DRIVE_STRENGTH {12} \
##     CONFIG.PSU_MIO_60_INPUT_TYPE {cmos} \
##     CONFIG.PSU_MIO_60_PULLUPDOWN {pullup} \
##     CONFIG.PSU_MIO_60_SLEW {fast} \
##     CONFIG.PSU_MIO_61_DRIVE_STRENGTH {12} \
##     CONFIG.PSU_MIO_61_INPUT_TYPE {cmos} \
##     CONFIG.PSU_MIO_61_PULLUPDOWN {pullup} \
##     CONFIG.PSU_MIO_61_SLEW {fast} \
##     CONFIG.PSU_MIO_62_DRIVE_STRENGTH {12} \
##     CONFIG.PSU_MIO_62_INPUT_TYPE {cmos} \
##     CONFIG.PSU_MIO_62_PULLUPDOWN {pullup} \
##     CONFIG.PSU_MIO_62_SLEW {fast} \
##     CONFIG.PSU_MIO_63_DRIVE_STRENGTH {12} \
##     CONFIG.PSU_MIO_63_INPUT_TYPE {cmos} \
##     CONFIG.PSU_MIO_63_PULLUPDOWN {pullup} \
##     CONFIG.PSU_MIO_63_SLEW {fast} \
##     CONFIG.PSU_MIO_64_DRIVE_STRENGTH {12} \
##     CONFIG.PSU_MIO_64_INPUT_TYPE {cmos} \
##     CONFIG.PSU_MIO_64_PULLUPDOWN {pullup} \
##     CONFIG.PSU_MIO_64_SLEW {fast} \
##     CONFIG.PSU_MIO_65_DRIVE_STRENGTH {12} \
##     CONFIG.PSU_MIO_65_INPUT_TYPE {cmos} \
##     CONFIG.PSU_MIO_65_PULLUPDOWN {pullup} \
##     CONFIG.PSU_MIO_65_SLEW {fast} \
##     CONFIG.PSU_MIO_66_DRIVE_STRENGTH {12} \
##     CONFIG.PSU_MIO_66_INPUT_TYPE {cmos} \
##     CONFIG.PSU_MIO_66_PULLUPDOWN {pullup} \
##     CONFIG.PSU_MIO_66_SLEW {fast} \
##     CONFIG.PSU_MIO_67_DRIVE_STRENGTH {12} \
##     CONFIG.PSU_MIO_67_INPUT_TYPE {cmos} \
##     CONFIG.PSU_MIO_67_PULLUPDOWN {pullup} \
##     CONFIG.PSU_MIO_67_SLEW {fast} \
##     CONFIG.PSU_MIO_68_DRIVE_STRENGTH {12} \
##     CONFIG.PSU_MIO_68_INPUT_TYPE {cmos} \
##     CONFIG.PSU_MIO_68_PULLUPDOWN {pullup} \
##     CONFIG.PSU_MIO_68_SLEW {fast} \
##     CONFIG.PSU_MIO_69_DRIVE_STRENGTH {12} \
##     CONFIG.PSU_MIO_69_INPUT_TYPE {cmos} \
##     CONFIG.PSU_MIO_69_PULLUPDOWN {pullup} \
##     CONFIG.PSU_MIO_69_SLEW {fast} \
##     CONFIG.PSU_MIO_6_DRIVE_STRENGTH {12} \
##     CONFIG.PSU_MIO_6_INPUT_TYPE {cmos} \
##     CONFIG.PSU_MIO_6_PULLUPDOWN {pullup} \
##     CONFIG.PSU_MIO_6_SLEW {fast} \
##     CONFIG.PSU_MIO_70_DRIVE_STRENGTH {12} \
##     CONFIG.PSU_MIO_70_INPUT_TYPE {cmos} \
##     CONFIG.PSU_MIO_70_PULLUPDOWN {pullup} \
##     CONFIG.PSU_MIO_70_SLEW {fast} \
##     CONFIG.PSU_MIO_71_DRIVE_STRENGTH {12} \
##     CONFIG.PSU_MIO_71_INPUT_TYPE {cmos} \
##     CONFIG.PSU_MIO_71_PULLUPDOWN {pullup} \
##     CONFIG.PSU_MIO_71_SLEW {fast} \
##     CONFIG.PSU_MIO_72_DRIVE_STRENGTH {12} \
##     CONFIG.PSU_MIO_72_INPUT_TYPE {cmos} \
##     CONFIG.PSU_MIO_72_PULLUPDOWN {pullup} \
##     CONFIG.PSU_MIO_72_SLEW {fast} \
##     CONFIG.PSU_MIO_73_DRIVE_STRENGTH {12} \
##     CONFIG.PSU_MIO_73_INPUT_TYPE {cmos} \
##     CONFIG.PSU_MIO_73_PULLUPDOWN {pullup} \
##     CONFIG.PSU_MIO_73_SLEW {fast} \
##     CONFIG.PSU_MIO_74_DRIVE_STRENGTH {12} \
##     CONFIG.PSU_MIO_74_INPUT_TYPE {cmos} \
##     CONFIG.PSU_MIO_74_PULLUPDOWN {pullup} \
##     CONFIG.PSU_MIO_74_SLEW {fast} \
##     CONFIG.PSU_MIO_75_DRIVE_STRENGTH {12} \
##     CONFIG.PSU_MIO_75_INPUT_TYPE {cmos} \
##     CONFIG.PSU_MIO_75_PULLUPDOWN {pullup} \
##     CONFIG.PSU_MIO_75_SLEW {fast} \
##     CONFIG.PSU_MIO_76_DRIVE_STRENGTH {12} \
##     CONFIG.PSU_MIO_76_INPUT_TYPE {cmos} \
##     CONFIG.PSU_MIO_76_PULLUPDOWN {pullup} \
##     CONFIG.PSU_MIO_76_SLEW {fast} \
##     CONFIG.PSU_MIO_77_DRIVE_STRENGTH {12} \
##     CONFIG.PSU_MIO_77_INPUT_TYPE {cmos} \
##     CONFIG.PSU_MIO_77_PULLUPDOWN {pullup} \
##     CONFIG.PSU_MIO_77_SLEW {fast} \
##     CONFIG.PSU_MIO_7_DRIVE_STRENGTH {12} \
##     CONFIG.PSU_MIO_7_INPUT_TYPE {cmos} \
##     CONFIG.PSU_MIO_7_PULLUPDOWN {pullup} \
##     CONFIG.PSU_MIO_7_SLEW {fast} \
##     CONFIG.PSU_MIO_8_DRIVE_STRENGTH {12} \
##     CONFIG.PSU_MIO_8_INPUT_TYPE {cmos} \
##     CONFIG.PSU_MIO_8_PULLUPDOWN {pullup} \
##     CONFIG.PSU_MIO_8_SLEW {fast} \
##     CONFIG.PSU_MIO_9_DRIVE_STRENGTH {12} \
##     CONFIG.PSU_MIO_9_INPUT_TYPE {cmos} \
##     CONFIG.PSU_MIO_9_PULLUPDOWN {pullup} \
##     CONFIG.PSU_MIO_9_SLEW {fast} \
##     CONFIG.PSU_MIO_TREE_PERIPHERALS {#############################################################################} \
##     CONFIG.PSU_MIO_TREE_SIGNALS {#############################################################################} \
##     CONFIG.PSU_PERIPHERAL_BOARD_PRESET {} \
##     CONFIG.PSU_SD0_INTERNAL_BUS_WIDTH {8} \
##     CONFIG.PSU_SD1_INTERNAL_BUS_WIDTH {8} \
##     CONFIG.PSU_SMC_CYCLE_T0 {NA} \
##     CONFIG.PSU_SMC_CYCLE_T1 {NA} \
##     CONFIG.PSU_SMC_CYCLE_T2 {NA} \
##     CONFIG.PSU_SMC_CYCLE_T3 {NA} \
##     CONFIG.PSU_SMC_CYCLE_T4 {NA} \
##     CONFIG.PSU_SMC_CYCLE_T5 {NA} \
##     CONFIG.PSU_SMC_CYCLE_T6 {NA} \
##     CONFIG.PSU_USB3__DUAL_CLOCK_ENABLE {0} \
##     CONFIG.PSU_VALUE_SILVERSION {3} \
##     CONFIG.PSU__ACPU0__POWER__ON {1} \
##     CONFIG.PSU__ACPU1__POWER__ON {1} \
##     CONFIG.PSU__ACPU2__POWER__ON {1} \
##     CONFIG.PSU__ACPU3__POWER__ON {1} \
##     CONFIG.PSU__ACTUAL__IP {1} \
##     CONFIG.PSU__ACT_DDR_FREQ_MHZ {799.992004} \
##     CONFIG.PSU__AFI0_COHERENCY {0} \
##     CONFIG.PSU__AUX_REF_CLK__FREQMHZ {33.333} \
##     CONFIG.PSU__CAN0_LOOP_CAN1__ENABLE {0} \
##     CONFIG.PSU__CAN0__PERIPHERAL__ENABLE {0} \
##     CONFIG.PSU__CAN1__PERIPHERAL__ENABLE {0} \
##     CONFIG.PSU__CRF_APB__ACPU_CTRL__ACT_FREQMHZ {1333.320068} \
##     CONFIG.PSU__CRF_APB__ACPU_CTRL__FREQMHZ {1333.333} \
##     CONFIG.PSU__CRF_APB__ACPU_CTRL__SRCSEL {APLL} \
##     CONFIG.PSU__CRF_APB__ACPU__FRAC_ENABLED {0} \
##     CONFIG.PSU__CRF_APB__AFI0_REF_CTRL__ACT_FREQMHZ {667} \
##     CONFIG.PSU__CRF_APB__AFI0_REF_CTRL__DIVISOR0 {2} \
##     CONFIG.PSU__CRF_APB__AFI0_REF_CTRL__FREQMHZ {667} \
##     CONFIG.PSU__CRF_APB__AFI0_REF_CTRL__SRCSEL {DPLL} \
##     CONFIG.PSU__CRF_APB__AFI0_REF__ENABLE {0} \
##     CONFIG.PSU__CRF_APB__AFI1_REF_CTRL__ACT_FREQMHZ {667} \
##     CONFIG.PSU__CRF_APB__AFI1_REF_CTRL__DIVISOR0 {2} \
##     CONFIG.PSU__CRF_APB__AFI1_REF_CTRL__FREQMHZ {667} \
##     CONFIG.PSU__CRF_APB__AFI1_REF_CTRL__SRCSEL {DPLL} \
##     CONFIG.PSU__CRF_APB__AFI1_REF__ENABLE {0} \
##     CONFIG.PSU__CRF_APB__AFI2_REF_CTRL__ACT_FREQMHZ {667} \
##     CONFIG.PSU__CRF_APB__AFI2_REF_CTRL__DIVISOR0 {2} \
##     CONFIG.PSU__CRF_APB__AFI2_REF_CTRL__FREQMHZ {667} \
##     CONFIG.PSU__CRF_APB__AFI2_REF_CTRL__SRCSEL {DPLL} \
##     CONFIG.PSU__CRF_APB__AFI2_REF__ENABLE {0} \
##     CONFIG.PSU__CRF_APB__AFI3_REF_CTRL__ACT_FREQMHZ {667} \
##     CONFIG.PSU__CRF_APB__AFI3_REF_CTRL__DIVISOR0 {2} \
##     CONFIG.PSU__CRF_APB__AFI3_REF_CTRL__FREQMHZ {667} \
##     CONFIG.PSU__CRF_APB__AFI3_REF_CTRL__SRCSEL {DPLL} \
##     CONFIG.PSU__CRF_APB__AFI3_REF__ENABLE {0} \
##     CONFIG.PSU__CRF_APB__AFI4_REF_CTRL__ACT_FREQMHZ {667} \
##     CONFIG.PSU__CRF_APB__AFI4_REF_CTRL__DIVISOR0 {2} \
##     CONFIG.PSU__CRF_APB__AFI4_REF_CTRL__FREQMHZ {667} \
##     CONFIG.PSU__CRF_APB__AFI4_REF_CTRL__SRCSEL {DPLL} \
##     CONFIG.PSU__CRF_APB__AFI4_REF__ENABLE {0} \
##     CONFIG.PSU__CRF_APB__AFI5_REF_CTRL__ACT_FREQMHZ {667} \
##     CONFIG.PSU__CRF_APB__AFI5_REF_CTRL__DIVISOR0 {2} \
##     CONFIG.PSU__CRF_APB__AFI5_REF_CTRL__FREQMHZ {667} \
##     CONFIG.PSU__CRF_APB__AFI5_REF_CTRL__SRCSEL {DPLL} \
##     CONFIG.PSU__CRF_APB__AFI5_REF__ENABLE {0} \
##     CONFIG.PSU__CRF_APB__APLL_CTRL__FRACFREQ {1333.333} \
##     CONFIG.PSU__CRF_APB__APLL_CTRL__SRCSEL {PSS_REF_CLK} \
##     CONFIG.PSU__CRF_APB__APM_CTRL__ACT_FREQMHZ {1} \
##     CONFIG.PSU__CRF_APB__APM_CTRL__DIVISOR0 {1} \
##     CONFIG.PSU__CRF_APB__APM_CTRL__FREQMHZ {1} \
##     CONFIG.PSU__CRF_APB__DBG_FPD_CTRL__ACT_FREQMHZ {249.997498} \
##     CONFIG.PSU__CRF_APB__DBG_FPD_CTRL__FREQMHZ {250} \
##     CONFIG.PSU__CRF_APB__DBG_FPD_CTRL__SRCSEL {IOPLL} \
##     CONFIG.PSU__CRF_APB__DBG_TRACE_CTRL__ACT_FREQMHZ {125} \
##     CONFIG.PSU__CRF_APB__DBG_TRACE_CTRL__FREQMHZ {125} \
##     CONFIG.PSU__CRF_APB__DBG_TRACE_CTRL__SRCSEL {IOPLL} \
##     CONFIG.PSU__CRF_APB__DBG_TSTMP_CTRL__ACT_FREQMHZ {249.997498} \
##     CONFIG.PSU__CRF_APB__DBG_TSTMP_CTRL__FREQMHZ {250} \
##     CONFIG.PSU__CRF_APB__DBG_TSTMP_CTRL__SRCSEL {IOPLL} \
##     CONFIG.PSU__CRF_APB__DDR_CTRL__ACT_FREQMHZ {399.996002} \
##     CONFIG.PSU__CRF_APB__DDR_CTRL__FREQMHZ {800} \
##     CONFIG.PSU__CRF_APB__DDR_CTRL__SRCSEL {DPLL} \
##     CONFIG.PSU__CRF_APB__DPDMA_REF_CTRL__ACT_FREQMHZ {599.994019} \
##     CONFIG.PSU__CRF_APB__DPDMA_REF_CTRL__FREQMHZ {600} \
##     CONFIG.PSU__CRF_APB__DPDMA_REF_CTRL__SRCSEL {DPLL} \
##     CONFIG.PSU__CRF_APB__DPLL_CTRL__FRACFREQ {27.138} \
##     CONFIG.PSU__CRF_APB__DPLL_CTRL__SRCSEL {PSS_REF_CLK} \
##     CONFIG.PSU__CRF_APB__DP_AUDIO_REF_CTRL__ACT_FREQMHZ {24.999750} \
##     CONFIG.PSU__CRF_APB__DP_AUDIO_REF_CTRL__FREQMHZ {25} \
##     CONFIG.PSU__CRF_APB__DP_AUDIO_REF_CTRL__SRCSEL {VPLL} \
##     CONFIG.PSU__CRF_APB__DP_AUDIO__FRAC_ENABLED {0} \
##     CONFIG.PSU__CRF_APB__DP_STC_REF_CTRL__ACT_FREQMHZ {26.922808} \
##     CONFIG.PSU__CRF_APB__DP_STC_REF_CTRL__FREQMHZ {27} \
##     CONFIG.PSU__CRF_APB__DP_STC_REF_CTRL__SRCSEL {VPLL} \
##     CONFIG.PSU__CRF_APB__DP_VIDEO_REF_CTRL__ACT_FREQMHZ {299.997009} \
##     CONFIG.PSU__CRF_APB__DP_VIDEO_REF_CTRL__FREQMHZ {300} \
##     CONFIG.PSU__CRF_APB__DP_VIDEO_REF_CTRL__SRCSEL {DPLL} \
##     CONFIG.PSU__CRF_APB__DP_VIDEO__FRAC_ENABLED {0} \
##     CONFIG.PSU__CRF_APB__GDMA_REF_CTRL__ACT_FREQMHZ {599.994019} \
##     CONFIG.PSU__CRF_APB__GDMA_REF_CTRL__FREQMHZ {600} \
##     CONFIG.PSU__CRF_APB__GDMA_REF_CTRL__SRCSEL {DPLL} \
##     CONFIG.PSU__CRF_APB__GPU_REF_CTRL__ACT_FREQMHZ {599.994019} \
##     CONFIG.PSU__CRF_APB__GPU_REF_CTRL__FREQMHZ {600} \
##     CONFIG.PSU__CRF_APB__GPU_REF_CTRL__SRCSEL {DPLL} \
##     CONFIG.PSU__CRF_APB__GTGREF0_REF_CTRL__ACT_FREQMHZ {-1} \
##     CONFIG.PSU__CRF_APB__GTGREF0_REF_CTRL__DIVISOR0 {-1} \
##     CONFIG.PSU__CRF_APB__GTGREF0_REF_CTRL__FREQMHZ {-1} \
##     CONFIG.PSU__CRF_APB__GTGREF0_REF_CTRL__SRCSEL {NA} \
##     CONFIG.PSU__CRF_APB__GTGREF0__ENABLE {NA} \
##     CONFIG.PSU__CRF_APB__PCIE_REF_CTRL__ACT_FREQMHZ {249.997498} \
##     CONFIG.PSU__CRF_APB__SATA_REF_CTRL__ACT_FREQMHZ {250} \
##     CONFIG.PSU__CRF_APB__TOPSW_LSBUS_CTRL__ACT_FREQMHZ {99.999001} \
##     CONFIG.PSU__CRF_APB__TOPSW_LSBUS_CTRL__FREQMHZ {100} \
##     CONFIG.PSU__CRF_APB__TOPSW_LSBUS_CTRL__SRCSEL {IOPLL} \
##     CONFIG.PSU__CRF_APB__TOPSW_MAIN_CTRL__ACT_FREQMHZ {524.994751} \
##     CONFIG.PSU__CRF_APB__TOPSW_MAIN_CTRL__FREQMHZ {533.333} \
##     CONFIG.PSU__CRF_APB__TOPSW_MAIN_CTRL__SRCSEL {VPLL} \
##     CONFIG.PSU__CRF_APB__VPLL_CTRL__FRACFREQ {27.138} \
##     CONFIG.PSU__CRF_APB__VPLL_CTRL__SRCSEL {PSS_REF_CLK} \
##     CONFIG.PSU__CRL_APB__ADMA_REF_CTRL__ACT_FREQMHZ {533.328003} \
##     CONFIG.PSU__CRL_APB__ADMA_REF_CTRL__FREQMHZ {533.333} \
##     CONFIG.PSU__CRL_APB__ADMA_REF_CTRL__SRCSEL {RPLL} \
##     CONFIG.PSU__CRL_APB__AFI6_REF_CTRL__ACT_FREQMHZ {500} \
##     CONFIG.PSU__CRL_APB__AFI6_REF_CTRL__FREQMHZ {500} \
##     CONFIG.PSU__CRL_APB__AFI6_REF_CTRL__SRCSEL {IOPLL} \
##     CONFIG.PSU__CRL_APB__AFI6__ENABLE {0} \
##     CONFIG.PSU__CRL_APB__AMS_REF_CTRL__ACT_FREQMHZ {49.999500} \
##     CONFIG.PSU__CRL_APB__AMS_REF_CTRL__FREQMHZ {50} \
##     CONFIG.PSU__CRL_APB__AMS_REF_CTRL__SRCSEL {IOPLL} \
##     CONFIG.PSU__CRL_APB__CAN0_REF_CTRL__ACT_FREQMHZ {100} \
##     CONFIG.PSU__CRL_APB__CAN0_REF_CTRL__FREQMHZ {100} \
##     CONFIG.PSU__CRL_APB__CAN0_REF_CTRL__SRCSEL {IOPLL} \
##     CONFIG.PSU__CRL_APB__CAN1_REF_CTRL__ACT_FREQMHZ {100} \
##     CONFIG.PSU__CRL_APB__CAN1_REF_CTRL__FREQMHZ {100} \
##     CONFIG.PSU__CRL_APB__CAN1_REF_CTRL__SRCSEL {IOPLL} \
##     CONFIG.PSU__CRL_APB__CPU_R5_CTRL__ACT_FREQMHZ {533.328003} \
##     CONFIG.PSU__CRL_APB__CPU_R5_CTRL__FREQMHZ {533.333} \
##     CONFIG.PSU__CRL_APB__CPU_R5_CTRL__SRCSEL {RPLL} \
##     CONFIG.PSU__CRL_APB__CSU_PLL_CTRL__ACT_FREQMHZ {180} \
##     CONFIG.PSU__CRL_APB__CSU_PLL_CTRL__DIVISOR0 {3} \
##     CONFIG.PSU__CRL_APB__CSU_PLL_CTRL__SRCSEL {SysOsc} \
##     CONFIG.PSU__CRL_APB__DBG_LPD_CTRL__ACT_FREQMHZ {249.997498} \
##     CONFIG.PSU__CRL_APB__DBG_LPD_CTRL__FREQMHZ {250} \
##     CONFIG.PSU__CRL_APB__DBG_LPD_CTRL__SRCSEL {IOPLL} \
##     CONFIG.PSU__CRL_APB__DEBUG_R5_ATCLK_CTRL__ACT_FREQMHZ {1000} \
##     CONFIG.PSU__CRL_APB__DEBUG_R5_ATCLK_CTRL__DIVISOR0 {6} \
##     CONFIG.PSU__CRL_APB__DEBUG_R5_ATCLK_CTRL__FREQMHZ {1000} \
##     CONFIG.PSU__CRL_APB__DEBUG_R5_ATCLK_CTRL__SRCSEL {RPLL} \
##     CONFIG.PSU__CRL_APB__DLL_REF_CTRL__ACT_FREQMHZ {999.989990} \
##     CONFIG.PSU__CRL_APB__DLL_REF_CTRL__FREQMHZ {1500} \
##     CONFIG.PSU__CRL_APB__DLL_REF_CTRL__SRCSEL {IOPLL} \
##     CONFIG.PSU__CRL_APB__GEM0_REF_CTRL__ACT_FREQMHZ {125} \
##     CONFIG.PSU__CRL_APB__GEM0_REF_CTRL__FREQMHZ {125} \
##     CONFIG.PSU__CRL_APB__GEM0_REF_CTRL__SRCSEL {IOPLL} \
##     CONFIG.PSU__CRL_APB__GEM1_REF_CTRL__ACT_FREQMHZ {125} \
##     CONFIG.PSU__CRL_APB__GEM1_REF_CTRL__FREQMHZ {125} \
##     CONFIG.PSU__CRL_APB__GEM1_REF_CTRL__SRCSEL {IOPLL} \
##     CONFIG.PSU__CRL_APB__GEM2_REF_CTRL__ACT_FREQMHZ {125} \
##     CONFIG.PSU__CRL_APB__GEM2_REF_CTRL__FREQMHZ {125} \
##     CONFIG.PSU__CRL_APB__GEM2_REF_CTRL__SRCSEL {IOPLL} \
##     CONFIG.PSU__CRL_APB__GEM3_REF_CTRL__ACT_FREQMHZ {124.998749} \
##     CONFIG.PSU__CRL_APB__GEM3_REF_CTRL__FREQMHZ {125} \
##     CONFIG.PSU__CRL_APB__GEM3_REF_CTRL__SRCSEL {IOPLL} \
##     CONFIG.PSU__CRL_APB__GEM_TSU_REF_CTRL__ACT_FREQMHZ {249.997498} \
##     CONFIG.PSU__CRL_APB__GEM_TSU_REF_CTRL__FREQMHZ {250} \
##     CONFIG.PSU__CRL_APB__GEM_TSU_REF_CTRL__SRCSEL {IOPLL} \
##     CONFIG.PSU__CRL_APB__I2C0_REF_CTRL__ACT_FREQMHZ {100} \
##     CONFIG.PSU__CRL_APB__I2C0_REF_CTRL__FREQMHZ {100} \
##     CONFIG.PSU__CRL_APB__I2C0_REF_CTRL__SRCSEL {IOPLL} \
##     CONFIG.PSU__CRL_APB__I2C1_REF_CTRL__ACT_FREQMHZ {99.999001} \
##     CONFIG.PSU__CRL_APB__I2C1_REF_CTRL__FREQMHZ {100} \
##     CONFIG.PSU__CRL_APB__I2C1_REF_CTRL__SRCSEL {IOPLL} \
##     CONFIG.PSU__CRL_APB__IOPLL_CTRL__FRACFREQ {27.138} \
##     CONFIG.PSU__CRL_APB__IOPLL_CTRL__SRCSEL {PSS_REF_CLK} \
##     CONFIG.PSU__CRL_APB__IOU_SWITCH_CTRL__ACT_FREQMHZ {266.664001} \
##     CONFIG.PSU__CRL_APB__IOU_SWITCH_CTRL__FREQMHZ {267} \
##     CONFIG.PSU__CRL_APB__IOU_SWITCH_CTRL__SRCSEL {RPLL} \
##     CONFIG.PSU__CRL_APB__LPD_LSBUS_CTRL__ACT_FREQMHZ {99.999001} \
##     CONFIG.PSU__CRL_APB__LPD_LSBUS_CTRL__FREQMHZ {100} \
##     CONFIG.PSU__CRL_APB__LPD_LSBUS_CTRL__SRCSEL {IOPLL} \
##     CONFIG.PSU__CRL_APB__LPD_SWITCH_CTRL__ACT_FREQMHZ {533.328003} \
##     CONFIG.PSU__CRL_APB__LPD_SWITCH_CTRL__FREQMHZ {533.333} \
##     CONFIG.PSU__CRL_APB__LPD_SWITCH_CTRL__SRCSEL {RPLL} \
##     CONFIG.PSU__CRL_APB__NAND_REF_CTRL__ACT_FREQMHZ {100} \
##     CONFIG.PSU__CRL_APB__NAND_REF_CTRL__FREQMHZ {100} \
##     CONFIG.PSU__CRL_APB__NAND_REF_CTRL__SRCSEL {IOPLL} \
##     CONFIG.PSU__CRL_APB__OCM_MAIN_CTRL__ACT_FREQMHZ {500} \
##     CONFIG.PSU__CRL_APB__OCM_MAIN_CTRL__DIVISOR0 {3} \
##     CONFIG.PSU__CRL_APB__OCM_MAIN_CTRL__FREQMHZ {500} \
##     CONFIG.PSU__CRL_APB__OCM_MAIN_CTRL__SRCSEL {IOPLL} \
##     CONFIG.PSU__CRL_APB__PCAP_CTRL__ACT_FREQMHZ {199.998001} \
##     CONFIG.PSU__CRL_APB__PCAP_CTRL__FREQMHZ {200} \
##     CONFIG.PSU__CRL_APB__PCAP_CTRL__SRCSEL {IOPLL} \
##     CONFIG.PSU__CRL_APB__PL0_REF_CTRL__ACT_FREQMHZ {96.968727} \
##     CONFIG.PSU__CRL_APB__PL0_REF_CTRL__FREQMHZ {150} \
##     CONFIG.PSU__CRL_APB__PL0_REF_CTRL__SRCSEL {RPLL} \
##     CONFIG.PSU__CRL_APB__PL1_REF_CTRL__ACT_FREQMHZ {199.998001} \
##     CONFIG.PSU__CRL_APB__PL1_REF_CTRL__FREQMHZ {200} \
##     CONFIG.PSU__CRL_APB__PL1_REF_CTRL__SRCSEL {DPLL} \
##     CONFIG.PSU__CRL_APB__PL2_REF_CTRL__ACT_FREQMHZ {100} \
##     CONFIG.PSU__CRL_APB__PL3_REF_CTRL__ACT_FREQMHZ {100} \
##     CONFIG.PSU__CRL_APB__QSPI_REF_CTRL__ACT_FREQMHZ {124.998749} \
##     CONFIG.PSU__CRL_APB__QSPI_REF_CTRL__FREQMHZ {300} \
##     CONFIG.PSU__CRL_APB__QSPI_REF_CTRL__SRCSEL {IOPLL} \
##     CONFIG.PSU__CRL_APB__RPLL_CTRL__FRACFREQ {27.138} \
##     CONFIG.PSU__CRL_APB__RPLL_CTRL__SRCSEL {PSS_REF_CLK} \
##     CONFIG.PSU__CRL_APB__SDIO0_REF_CTRL__ACT_FREQMHZ {200} \
##     CONFIG.PSU__CRL_APB__SDIO0_REF_CTRL__FREQMHZ {200} \
##     CONFIG.PSU__CRL_APB__SDIO0_REF_CTRL__SRCSEL {RPLL} \
##     CONFIG.PSU__CRL_APB__SDIO1_REF_CTRL__ACT_FREQMHZ {187.498123} \
##     CONFIG.PSU__CRL_APB__SDIO1_REF_CTRL__FREQMHZ {200} \
##     CONFIG.PSU__CRL_APB__SDIO1_REF_CTRL__SRCSEL {RPLL} \
##     CONFIG.PSU__CRL_APB__SPI0_REF_CTRL__ACT_FREQMHZ {214} \
##     CONFIG.PSU__CRL_APB__SPI0_REF_CTRL__FREQMHZ {200} \
##     CONFIG.PSU__CRL_APB__SPI0_REF_CTRL__SRCSEL {RPLL} \
##     CONFIG.PSU__CRL_APB__SPI1_REF_CTRL__ACT_FREQMHZ {187.498123} \
##     CONFIG.PSU__CRL_APB__SPI1_REF_CTRL__FREQMHZ {200} \
##     CONFIG.PSU__CRL_APB__SPI1_REF_CTRL__SRCSEL {RPLL} \
##     CONFIG.PSU__CRL_APB__TIMESTAMP_REF_CTRL__ACT_FREQMHZ {33.333000} \
##     CONFIG.PSU__CRL_APB__TIMESTAMP_REF_CTRL__FREQMHZ {100} \
##     CONFIG.PSU__CRL_APB__TIMESTAMP_REF_CTRL__SRCSEL {PSS_REF_CLK} \
##     CONFIG.PSU__CRL_APB__UART0_REF_CTRL__ACT_FREQMHZ {100} \
##     CONFIG.PSU__CRL_APB__UART0_REF_CTRL__FREQMHZ {100} \
##     CONFIG.PSU__CRL_APB__UART0_REF_CTRL__SRCSEL {IOPLL} \
##     CONFIG.PSU__CRL_APB__UART1_REF_CTRL__ACT_FREQMHZ {99.999001} \
##     CONFIG.PSU__CRL_APB__UART1_REF_CTRL__FREQMHZ {100} \
##     CONFIG.PSU__CRL_APB__UART1_REF_CTRL__SRCSEL {IOPLL} \
##     CONFIG.PSU__CRL_APB__USB0_BUS_REF_CTRL__ACT_FREQMHZ {249.997498} \
##     CONFIG.PSU__CRL_APB__USB0_BUS_REF_CTRL__FREQMHZ {250} \
##     CONFIG.PSU__CRL_APB__USB0_BUS_REF_CTRL__SRCSEL {IOPLL} \
##     CONFIG.PSU__CRL_APB__USB1_BUS_REF_CTRL__ACT_FREQMHZ {250} \
##     CONFIG.PSU__CRL_APB__USB1_BUS_REF_CTRL__FREQMHZ {250} \
##     CONFIG.PSU__CRL_APB__USB1_BUS_REF_CTRL__SRCSEL {IOPLL} \
##     CONFIG.PSU__CRL_APB__USB3_DUAL_REF_CTRL__ACT_FREQMHZ {19.999800} \
##     CONFIG.PSU__CRL_APB__USB3_DUAL_REF_CTRL__FREQMHZ {20} \
##     CONFIG.PSU__CRL_APB__USB3_DUAL_REF_CTRL__SRCSEL {IOPLL} \
##     CONFIG.PSU__CRL_APB__USB3__ENABLE {0} \
##     CONFIG.PSU__CSUPMU__PERIPHERAL__VALID {0} \
##     CONFIG.PSU__CSU__CSU_TAMPER_0__ENABLE {0} \
##     CONFIG.PSU__CSU__CSU_TAMPER_10__ENABLE {0} \
##     CONFIG.PSU__CSU__CSU_TAMPER_11__ENABLE {0} \
##     CONFIG.PSU__CSU__CSU_TAMPER_12__ENABLE {0} \
##     CONFIG.PSU__CSU__CSU_TAMPER_1__ENABLE {0} \
##     CONFIG.PSU__CSU__CSU_TAMPER_2__ENABLE {0} \
##     CONFIG.PSU__CSU__CSU_TAMPER_3__ENABLE {0} \
##     CONFIG.PSU__CSU__CSU_TAMPER_4__ENABLE {0} \
##     CONFIG.PSU__CSU__CSU_TAMPER_5__ENABLE {0} \
##     CONFIG.PSU__CSU__CSU_TAMPER_6__ENABLE {0} \
##     CONFIG.PSU__CSU__CSU_TAMPER_7__ENABLE {0} \
##     CONFIG.PSU__CSU__CSU_TAMPER_8__ENABLE {0} \
##     CONFIG.PSU__CSU__CSU_TAMPER_9__ENABLE {0} \
##     CONFIG.PSU__CSU__PERIPHERAL__ENABLE {0} \
##     CONFIG.PSU__DDRC__AL {0} \
##     CONFIG.PSU__DDRC__BG_ADDR_COUNT {2} \
##     CONFIG.PSU__DDRC__BRC_MAPPING {ROW_BANK_COL} \
##     CONFIG.PSU__DDRC__BUS_WIDTH {64 Bit} \
##     CONFIG.PSU__DDRC__CL {10} \
##     CONFIG.PSU__DDRC__CLOCK_STOP_EN {0} \
##     CONFIG.PSU__DDRC__COMPONENTS {Components} \
##     CONFIG.PSU__DDRC__CWL {9} \
##     CONFIG.PSU__DDRC__DDR4_ADDR_MAPPING {1} \
##     CONFIG.PSU__DDRC__DDR4_CAL_MODE_ENABLE {0} \
##     CONFIG.PSU__DDRC__DDR4_CRC_CONTROL {0} \
##     CONFIG.PSU__DDRC__DDR4_MAXPWR_SAVING_EN {0} \
##     CONFIG.PSU__DDRC__DDR4_T_REF_MODE {0} \
##     CONFIG.PSU__DDRC__DDR4_T_REF_RANGE {Normal (0-85)} \
##     CONFIG.PSU__DDRC__DEVICE_CAPACITY {2048 MBits} \
##     CONFIG.PSU__DDRC__DM_DBI {DM_NO_DBI} \
##     CONFIG.PSU__DDRC__DRAM_WIDTH {8 Bits} \
##     CONFIG.PSU__DDRC__ECC {Disabled} \
##     CONFIG.PSU__DDRC__ECC_SCRUB {0} \
##     CONFIG.PSU__DDRC__ENABLE {1} \
##     CONFIG.PSU__DDRC__ENABLE_2T_TIMING {0} \
##     CONFIG.PSU__DDRC__ENABLE_DP_SWITCH {0} \
##     CONFIG.PSU__DDRC__EN_2ND_CLK {0} \
##     CONFIG.PSU__DDRC__FGRM {1X} \
##     CONFIG.PSU__DDRC__FREQ_MHZ {1} \
##     CONFIG.PSU__DDRC__LPDDR3_DUALRANK_SDP {0} \
##     CONFIG.PSU__DDRC__LP_ASR {manual normal} \
##     CONFIG.PSU__DDRC__MEMORY_TYPE {DDR 4} \
##     CONFIG.PSU__DDRC__PARITY_ENABLE {0} \
##     CONFIG.PSU__DDRC__PER_BANK_REFRESH {0} \
##     CONFIG.PSU__DDRC__PHY_DBI_MODE {0} \
##     CONFIG.PSU__DDRC__PLL_BYPASS {0} \
##     CONFIG.PSU__DDRC__PWR_DOWN_EN {0} \
##     CONFIG.PSU__DDRC__RANK_ADDR_COUNT {0} \
##     CONFIG.PSU__DDRC__RD_DQS_CENTER {0} \
##     CONFIG.PSU__DDRC__ROW_ADDR_COUNT {14} \
##     CONFIG.PSU__DDRC__SELF_REF_ABORT {0} \
##     CONFIG.PSU__DDRC__SPEED_BIN {DDR4_1600J} \
##     CONFIG.PSU__DDRC__STATIC_RD_MODE {0} \
##     CONFIG.PSU__DDRC__TRAIN_DATA_EYE {1} \
##     CONFIG.PSU__DDRC__TRAIN_READ_GATE {1} \
##     CONFIG.PSU__DDRC__TRAIN_WRITE_LEVEL {1} \
##     CONFIG.PSU__DDRC__T_FAW {35} \
##     CONFIG.PSU__DDRC__T_RAS_MIN {35} \
##     CONFIG.PSU__DDRC__T_RC {47.5} \
##     CONFIG.PSU__DDRC__T_RCD {10} \
##     CONFIG.PSU__DDRC__T_RP {10} \
##     CONFIG.PSU__DDRC__VIDEO_BUFFER_SIZE {0} \
##     CONFIG.PSU__DDRC__VREF {1} \
##     CONFIG.PSU__DDR_HIGH_ADDRESS_GUI_ENABLE {0} \
##     CONFIG.PSU__DDR_QOS_ENABLE {0} \
##     CONFIG.PSU__DDR_QOS_HP0_RDQOS {} \
##     CONFIG.PSU__DDR_QOS_HP0_WRQOS {} \
##     CONFIG.PSU__DDR_QOS_HP1_RDQOS {} \
##     CONFIG.PSU__DDR_QOS_HP1_WRQOS {} \
##     CONFIG.PSU__DDR_QOS_HP2_RDQOS {} \
##     CONFIG.PSU__DDR_QOS_HP2_WRQOS {} \
##     CONFIG.PSU__DDR_QOS_HP3_RDQOS {} \
##     CONFIG.PSU__DDR_QOS_HP3_WRQOS {} \
##     CONFIG.PSU__DDR_SW_REFRESH_ENABLED {1} \
##     CONFIG.PSU__DDR__INTERFACE__FREQMHZ {400.000} \
##     CONFIG.PSU__DEVICE_TYPE {EV} \
##     CONFIG.PSU__DISPLAYPORT__LANE0__ENABLE {1} \
##     CONFIG.PSU__DISPLAYPORT__LANE0__IO {GT Lane3} \
##     CONFIG.PSU__DISPLAYPORT__LANE1__ENABLE {1} \
##     CONFIG.PSU__DISPLAYPORT__LANE1__IO {GT Lane2} \
##     CONFIG.PSU__DISPLAYPORT__PERIPHERAL__ENABLE {1} \
##     CONFIG.PSU__DLL__ISUSED {0} \
##     CONFIG.PSU__DPAUX__PERIPHERAL__ENABLE {1} \
##     CONFIG.PSU__DPAUX__PERIPHERAL__IO {EMIO} \
##     CONFIG.PSU__DP__LANE_SEL {Dual Higher} \
##     CONFIG.PSU__DP__REF_CLK_FREQ {27} \
##     CONFIG.PSU__DP__REF_CLK_SEL {Ref Clk2} \
##     CONFIG.PSU__ENABLE__DDR__REFRESH__SIGNALS {0} \
##     CONFIG.PSU__ENET0__PERIPHERAL__ENABLE {0} \
##     CONFIG.PSU__ENET1__PERIPHERAL__ENABLE {0} \
##     CONFIG.PSU__ENET2__PERIPHERAL__ENABLE {0} \
##     CONFIG.PSU__ENET3__PERIPHERAL__ENABLE {0} \
##     CONFIG.PSU__EN_AXI_STATUS_PORTS {0} \
##     CONFIG.PSU__EN_EMIO_TRACE {0} \
##     CONFIG.PSU__EP__IP {0} \
##     CONFIG.PSU__EXPAND__CORESIGHT {0} \
##     CONFIG.PSU__EXPAND__FPD_SLAVES {0} \
##     CONFIG.PSU__EXPAND__GIC {0} \
##     CONFIG.PSU__EXPAND__LOWER_LPS_SLAVES {0} \
##     CONFIG.PSU__EXPAND__UPPER_LPS_SLAVES {0} \
##     CONFIG.PSU__FPD_SLCR__WDT1__ACT_FREQMHZ {99.999001} \
##     CONFIG.PSU__FPGA_PL0_ENABLE {1} \
##     CONFIG.PSU__FPGA_PL1_ENABLE {1} \
##     CONFIG.PSU__FPGA_PL2_ENABLE {0} \
##     CONFIG.PSU__FPGA_PL3_ENABLE {0} \
##     CONFIG.PSU__FP__POWER__ON {1} \
##     CONFIG.PSU__FTM__CTI_IN_0 {0} \
##     CONFIG.PSU__FTM__CTI_IN_1 {0} \
##     CONFIG.PSU__FTM__CTI_IN_2 {0} \
##     CONFIG.PSU__FTM__CTI_IN_3 {0} \
##     CONFIG.PSU__FTM__CTI_OUT_0 {0} \
##     CONFIG.PSU__FTM__CTI_OUT_1 {0} \
##     CONFIG.PSU__FTM__CTI_OUT_2 {0} \
##     CONFIG.PSU__FTM__CTI_OUT_3 {0} \
##     CONFIG.PSU__FTM__GPI {0} \
##     CONFIG.PSU__FTM__GPO {0} \
##     CONFIG.PSU__GEN_IPI_0__MASTER {APU} \
##     CONFIG.PSU__GEN_IPI_10__MASTER {NONE} \
##     CONFIG.PSU__GEN_IPI_1__MASTER {RPU0} \
##     CONFIG.PSU__GEN_IPI_2__MASTER {RPU1} \
##     CONFIG.PSU__GEN_IPI_3__MASTER {PMU} \
##     CONFIG.PSU__GEN_IPI_4__MASTER {PMU} \
##     CONFIG.PSU__GEN_IPI_5__MASTER {PMU} \
##     CONFIG.PSU__GEN_IPI_6__MASTER {PMU} \
##     CONFIG.PSU__GEN_IPI_7__MASTER {NONE} \
##     CONFIG.PSU__GEN_IPI_8__MASTER {NONE} \
##     CONFIG.PSU__GEN_IPI_9__MASTER {NONE} \
##     CONFIG.PSU__GPIO0_MIO__PERIPHERAL__ENABLE {0} \
##     CONFIG.PSU__GPIO1_MIO__PERIPHERAL__ENABLE {0} \
##     CONFIG.PSU__GPIO2_MIO__PERIPHERAL__ENABLE {0} \
##     CONFIG.PSU__GPIO_EMIO_WIDTH {1} \
##     CONFIG.PSU__GPIO_EMIO__PERIPHERAL__ENABLE {0} \
##     CONFIG.PSU__GPIO_EMIO__WIDTH {[94:0]} \
##     CONFIG.PSU__GPU_PP0__POWER__ON {1} \
##     CONFIG.PSU__GPU_PP1__POWER__ON {1} \
##     CONFIG.PSU__GT_REF_CLK__FREQMHZ {33.333} \
##     CONFIG.PSU__GT__LINK_SPEED {HBR} \
##     CONFIG.PSU__GT__PRE_EMPH_LVL_4 {0} \
##     CONFIG.PSU__GT__VLT_SWNG_LVL_4 {0} \
##     CONFIG.PSU__HPM0_FPD__NUM_READ_THREADS {4} \
##     CONFIG.PSU__HPM0_FPD__NUM_WRITE_THREADS {4} \
##     CONFIG.PSU__HPM0_LPD__NUM_READ_THREADS {4} \
##     CONFIG.PSU__HPM0_LPD__NUM_WRITE_THREADS {4} \
##     CONFIG.PSU__HPM1_FPD__NUM_READ_THREADS {4} \
##     CONFIG.PSU__HPM1_FPD__NUM_WRITE_THREADS {4} \
##     CONFIG.PSU__I2C0_LOOP_I2C1__ENABLE {0} \
##     CONFIG.PSU__I2C0__GRP_INT__ENABLE {0} \
##     CONFIG.PSU__I2C0__PERIPHERAL__ENABLE {0} \
##     CONFIG.PSU__I2C1__GRP_INT__ENABLE {0} \
##     CONFIG.PSU__I2C1__PERIPHERAL__ENABLE {0} \
##     CONFIG.PSU__IOU_SLCR__IOU_TTC_APB_CLK__TTC0_SEL {APB} \
##     CONFIG.PSU__IOU_SLCR__IOU_TTC_APB_CLK__TTC1_SEL {APB} \
##     CONFIG.PSU__IOU_SLCR__IOU_TTC_APB_CLK__TTC2_SEL {APB} \
##     CONFIG.PSU__IOU_SLCR__IOU_TTC_APB_CLK__TTC3_SEL {APB} \
##     CONFIG.PSU__IOU_SLCR__TTC0__ACT_FREQMHZ {100} \
##     CONFIG.PSU__IOU_SLCR__TTC1__ACT_FREQMHZ {100} \
##     CONFIG.PSU__IOU_SLCR__TTC2__ACT_FREQMHZ {100} \
##     CONFIG.PSU__IOU_SLCR__TTC3__ACT_FREQMHZ {100} \
##     CONFIG.PSU__IOU_SLCR__WDT0__ACT_FREQMHZ {99.999001} \
##     CONFIG.PSU__IRQ_P2F_ADMA_CHAN__INT {0} \
##     CONFIG.PSU__IRQ_P2F_AIB_AXI__INT {0} \
##     CONFIG.PSU__IRQ_P2F_AMS__INT {0} \
##     CONFIG.PSU__IRQ_P2F_APM_FPD__INT {0} \
##     CONFIG.PSU__IRQ_P2F_APU_COMM__INT {0} \
##     CONFIG.PSU__IRQ_P2F_APU_CPUMNT__INT {0} \
##     CONFIG.PSU__IRQ_P2F_APU_CTI__INT {0} \
##     CONFIG.PSU__IRQ_P2F_APU_EXTERR__INT {0} \
##     CONFIG.PSU__IRQ_P2F_APU_IPI__INT {0} \
##     CONFIG.PSU__IRQ_P2F_APU_L2ERR__INT {0} \
##     CONFIG.PSU__IRQ_P2F_APU_PMU__INT {0} \
##     CONFIG.PSU__IRQ_P2F_APU_REGS__INT {0} \
##     CONFIG.PSU__IRQ_P2F_ATB_LPD__INT {0} \
##     CONFIG.PSU__IRQ_P2F_CLKMON__INT {0} \
##     CONFIG.PSU__IRQ_P2F_DDR_SS__INT {0} \
##     CONFIG.PSU__IRQ_P2F_DPDMA__INT {0} \
##     CONFIG.PSU__IRQ_P2F_DPORT__INT {0} \
##     CONFIG.PSU__IRQ_P2F_EFUSE__INT {0} \
##     CONFIG.PSU__IRQ_P2F_FPD_APB__INT {0} \
##     CONFIG.PSU__IRQ_P2F_FPD_ATB_ERR__INT {0} \
##     CONFIG.PSU__IRQ_P2F_FP_WDT__INT {0} \
##     CONFIG.PSU__IRQ_P2F_GDMA_CHAN__INT {0} \
##     CONFIG.PSU__IRQ_P2F_GPIO__INT {0} \
##     CONFIG.PSU__IRQ_P2F_GPU__INT {0} \
##     CONFIG.PSU__IRQ_P2F_LPD_APB__INT {0} \
##     CONFIG.PSU__IRQ_P2F_LPD_APM__INT {0} \
##     CONFIG.PSU__IRQ_P2F_LP_WDT__INT {0} \
##     CONFIG.PSU__IRQ_P2F_OCM_ERR__INT {0} \
##     CONFIG.PSU__IRQ_P2F_PCIE_DMA__INT {0} \
##     CONFIG.PSU__IRQ_P2F_PCIE_LEGACY__INT {0} \
##     CONFIG.PSU__IRQ_P2F_PCIE_MSC__INT {0} \
##     CONFIG.PSU__IRQ_P2F_PCIE_MSI__INT {0} \
##     CONFIG.PSU__IRQ_P2F_PL_IPI__INT {0} \
##     CONFIG.PSU__IRQ_P2F_R5_CORE0_ECC_ERR__INT {0} \
##     CONFIG.PSU__IRQ_P2F_R5_CORE1_ECC_ERR__INT {0} \
##     CONFIG.PSU__IRQ_P2F_RPU_IPI__INT {0} \
##     CONFIG.PSU__IRQ_P2F_RPU_PERMON__INT {0} \
##     CONFIG.PSU__IRQ_P2F_RTC_ALARM__INT {0} \
##     CONFIG.PSU__IRQ_P2F_RTC_SECONDS__INT {0} \
##     CONFIG.PSU__IRQ_P2F_SATA__INT {0} \
##     CONFIG.PSU__IRQ_P2F_USB2_OTG__INT0 {0} \
##     CONFIG.PSU__IRQ_P2F_USB2_OTG__INT1 {0} \
##     CONFIG.PSU__IRQ_P2F_USB3_ENDPOINT__INT0 {0} \
##     CONFIG.PSU__IRQ_P2F_USB3_ENDPOINT__INT1 {0} \
##     CONFIG.PSU__IRQ_P2F_USB3_OTG__INT0 {0} \
##     CONFIG.PSU__IRQ_P2F_USB3_OTG__INT1 {0} \
##     CONFIG.PSU__IRQ_P2F_USB3_PMU_WAKEUP__INT {0} \
##     CONFIG.PSU__IRQ_P2F_XMPU_FPD__INT {0} \
##     CONFIG.PSU__IRQ_P2F_XMPU_LPD__INT {0} \
##     CONFIG.PSU__IRQ_P2F__INTF_FPD_SMMU__INT {0} \
##     CONFIG.PSU__IRQ_P2F__INTF_PPD_CCI__INT {0} \
##     CONFIG.PSU__L2_BANK0__POWER__ON {1} \
##     CONFIG.PSU__LPDMA0_COHERENCY {0} \
##     CONFIG.PSU__LPDMA1_COHERENCY {0} \
##     CONFIG.PSU__LPDMA2_COHERENCY {0} \
##     CONFIG.PSU__LPDMA3_COHERENCY {0} \
##     CONFIG.PSU__LPDMA4_COHERENCY {0} \
##     CONFIG.PSU__LPDMA5_COHERENCY {0} \
##     CONFIG.PSU__LPDMA6_COHERENCY {0} \
##     CONFIG.PSU__LPDMA7_COHERENCY {0} \
##     CONFIG.PSU__LPD_SLCR__CSUPMU_WDT_CLK_SEL__SELECT {APB} \
##     CONFIG.PSU__LPD_SLCR__CSUPMU__ACT_FREQMHZ {100} \
##     CONFIG.PSU__MAXIGP0__DATA_WIDTH {128} \
##     CONFIG.PSU__M_AXI_GP0_SUPPORTS_NARROW_BURST {1} \
##     CONFIG.PSU__M_AXI_GP1_SUPPORTS_NARROW_BURST {1} \
##     CONFIG.PSU__M_AXI_GP2_SUPPORTS_NARROW_BURST {1} \
##     CONFIG.PSU__NAND__PERIPHERAL__ENABLE {0} \
##     CONFIG.PSU__NAND__READY_BUSY__ENABLE {0} \
##     CONFIG.PSU__NUM_FABRIC_RESETS {1} \
##     CONFIG.PSU__OCM_BANK0__POWER__ON {1} \
##     CONFIG.PSU__OCM_BANK1__POWER__ON {1} \
##     CONFIG.PSU__OCM_BANK2__POWER__ON {1} \
##     CONFIG.PSU__OCM_BANK3__POWER__ON {1} \
##     CONFIG.PSU__OVERRIDE_HPX_QOS {0} \
##     CONFIG.PSU__OVERRIDE__BASIC_CLOCK {0} \
##     CONFIG.PSU__PCIE__ACS_VIOLAION {0} \
##     CONFIG.PSU__PCIE__AER_CAPABILITY {0} \
##     CONFIG.PSU__PCIE__CLASS_CODE_BASE {0x05} \
##     CONFIG.PSU__PCIE__CLASS_CODE_INTERFACE {0x0} \
##     CONFIG.PSU__PCIE__CLASS_CODE_SUB {0x80} \
##     CONFIG.PSU__PCIE__DEVICE_ID {0xD011} \
##     CONFIG.PSU__PCIE__INTX_GENERATION {1} \
##     CONFIG.PSU__PCIE__INTX_PIN {INTA} \
##     CONFIG.PSU__PCIE__MSIX_CAPABILITY {0} \
##     CONFIG.PSU__PCIE__MSI_CAPABILITY {0} \
##     CONFIG.PSU__PCIE__PERIPHERAL__ENABLE {0} \
##     CONFIG.PSU__PCIE__PERIPHERAL__ENDPOINT_ENABLE {1} \
##     CONFIG.PSU__PCIE__PERIPHERAL__ROOTPORT_ENABLE {0} \
##     CONFIG.PSU__PCIE__RESET__POLARITY {Active Low} \
##     CONFIG.PSU__PCIE__REVISION_ID {0x0} \
##     CONFIG.PSU__PCIE__SUBSYSTEM_ID {0x7} \
##     CONFIG.PSU__PCIE__SUBSYSTEM_VENDOR_ID {0x10EE} \
##     CONFIG.PSU__PCIE__VENDOR_ID {0x10EE} \
##     CONFIG.PSU__PJTAG__PERIPHERAL__ENABLE {0} \
##     CONFIG.PSU__PL_CLK0_BUF {TRUE} \
##     CONFIG.PSU__PL_CLK1_BUF {TRUE} \
##     CONFIG.PSU__PL__POWER__ON {1} \
##     CONFIG.PSU__PMU__PERIPHERAL__ENABLE {0} \
##     CONFIG.PSU__PRESET_APPLIED {0} \
##     CONFIG.PSU__PROTECTION__DDR_SEGMENTS {NONE} \
##     CONFIG.PSU__PROTECTION__ENABLE {0} \
##     CONFIG.PSU__PROTECTION__FPD_SEGMENTS {SA:0xFD1A0000; SIZE:1280; UNIT:KB; RegionTZ:Secure; WrAllowed:Read/Write; subsystemId:PMU Firmware| SA:0xFD000000; SIZE:64; UNIT:KB; RegionTZ:Secure; WrAllowed:Read/Write;\
## subsystemId:PMU Firmware| SA:0xFD010000; SIZE:64; UNIT:KB; RegionTZ:Secure; WrAllowed:Read/Write; subsystemId:PMU Firmware| SA:0xFD020000; SIZE:64; UNIT:KB; RegionTZ:Secure; WrAllowed:Read/Write; subsystemId:PMU\
## Firmware| SA:0xFD030000; SIZE:64; UNIT:KB; RegionTZ:Secure; WrAllowed:Read/Write; subsystemId:PMU Firmware| SA:0xFD040000; SIZE:64; UNIT:KB; RegionTZ:Secure; WrAllowed:Read/Write; subsystemId:PMU Firmware|\
## SA:0xFD050000; SIZE:64; UNIT:KB; RegionTZ:Secure; WrAllowed:Read/Write; subsystemId:PMU Firmware| SA:0xFD610000; SIZE:512; UNIT:KB; RegionTZ:Secure; WrAllowed:Read/Write; subsystemId:PMU Firmware| SA:0xFD5D0000;\
## SIZE:64; UNIT:KB; RegionTZ:Secure; WrAllowed:Read/Write; subsystemId:PMU Firmware|SA:0xFD1A0000 ; SIZE:1280; UNIT:KB; RegionTZ:Secure ; WrAllowed:Read/Write; subsystemId:Secure Subsystem} \
##     CONFIG.PSU__PROTECTION__LPD_SEGMENTS {SA:0xFF980000; SIZE:64; UNIT:KB; RegionTZ:Secure; WrAllowed:Read/Write; subsystemId:PMU Firmware| SA:0xFF5E0000; SIZE:2560; UNIT:KB; RegionTZ:Secure; WrAllowed:Read/Write;\
## subsystemId:PMU Firmware| SA:0xFFCC0000; SIZE:64; UNIT:KB; RegionTZ:Secure; WrAllowed:Read/Write; subsystemId:PMU Firmware| SA:0xFF180000; SIZE:768; UNIT:KB; RegionTZ:Secure; WrAllowed:Read/Write; subsystemId:PMU\
## Firmware| SA:0xFF410000; SIZE:640; UNIT:KB; RegionTZ:Secure; WrAllowed:Read/Write; subsystemId:PMU Firmware| SA:0xFFA70000; SIZE:64; UNIT:KB; RegionTZ:Secure; WrAllowed:Read/Write; subsystemId:PMU Firmware|\
## SA:0xFF9A0000; SIZE:64; UNIT:KB; RegionTZ:Secure; WrAllowed:Read/Write; subsystemId:PMU Firmware|SA:0xFF5E0000 ; SIZE:2560; UNIT:KB; RegionTZ:Secure ; WrAllowed:Read/Write; subsystemId:Secure Subsystem|SA:0xFFCC0000\
## ; SIZE:64; UNIT:KB; RegionTZ:Secure ; WrAllowed:Read/Write; subsystemId:Secure Subsystem|SA:0xFF180000 ; SIZE:768; UNIT:KB; RegionTZ:Secure ; WrAllowed:Read/Write; subsystemId:Secure Subsystem|SA:0xFF9A0000\
## ; SIZE:64; UNIT:KB; RegionTZ:Secure ; WrAllowed:Read/Write; subsystemId:Secure Subsystem} \
##     CONFIG.PSU__PROTECTION__MASTERS {USB1:NonSecure;0|USB0:NonSecure;0|S_AXI_LPD:NA;0|S_AXI_HPC1_FPD:NA;0|S_AXI_HPC0_FPD:NA;1|S_AXI_HP3_FPD:NA;0|S_AXI_HP2_FPD:NA;0|S_AXI_HP1_FPD:NA;0|S_AXI_HP0_FPD:NA;0|S_AXI_ACP:NA;0|S_AXI_ACE:NA;0|SD1:NonSecure;0|SD0:NonSecure;0|SATA1:NonSecure;0|SATA0:NonSecure;0|RPU1:Secure;1|RPU0:Secure;1|QSPI:NonSecure;0|PMU:NA;1|PCIe:NonSecure;0|NAND:NonSecure;0|LDMA:NonSecure;1|GPU:NonSecure;1|GEM3:NonSecure;0|GEM2:NonSecure;0|GEM1:NonSecure;0|GEM0:NonSecure;0|FDMA:NonSecure;1|DP:NonSecure;1|DAP:NA;1|Coresight:NA;1|CSU:NA;1|APU:NA;1}\
## \
##     CONFIG.PSU__PROTECTION__MASTERS_TZ {GEM0:NonSecure|SD1:NonSecure|GEM2:NonSecure|GEM1:NonSecure|GEM3:NonSecure|PCIe:NonSecure|DP:NonSecure|NAND:NonSecure|GPU:NonSecure|USB1:NonSecure|USB0:NonSecure|LDMA:NonSecure|FDMA:NonSecure|QSPI:NonSecure|SD0:NonSecure}\
## \
##     CONFIG.PSU__PROTECTION__OCM_SEGMENTS {NONE} \
##     CONFIG.PSU__PROTECTION__PRESUBSYSTEMS {NONE} \
##     CONFIG.PSU__PROTECTION__SLAVES {LPD;USB3_1_XHCI;FE300000;FE3FFFFF;0|LPD;USB3_1;FF9E0000;FF9EFFFF;0|LPD;USB3_0_XHCI;FE200000;FE2FFFFF;0|LPD;USB3_0;FF9D0000;FF9DFFFF;0|LPD;UART1;FF010000;FF01FFFF;0|LPD;UART0;FF000000;FF00FFFF;0|LPD;TTC3;FF140000;FF14FFFF;0|LPD;TTC2;FF130000;FF13FFFF;0|LPD;TTC1;FF120000;FF12FFFF;0|LPD;TTC0;FF110000;FF11FFFF;0|FPD;SWDT1;FD4D0000;FD4DFFFF;0|LPD;SWDT0;FF150000;FF15FFFF;0|LPD;SPI1;FF050000;FF05FFFF;0|LPD;SPI0;FF040000;FF04FFFF;0|FPD;SMMU_REG;FD5F0000;FD5FFFFF;1|FPD;SMMU;FD800000;FDFFFFFF;1|FPD;SIOU;FD3D0000;FD3DFFFF;1|FPD;SERDES;FD400000;FD47FFFF;1|LPD;SD1;FF170000;FF17FFFF;0|LPD;SD0;FF160000;FF16FFFF;0|FPD;SATA;FD0C0000;FD0CFFFF;0|LPD;RTC;FFA60000;FFA6FFFF;1|LPD;RSA_CORE;FFCE0000;FFCEFFFF;1|LPD;RPU;FF9A0000;FF9AFFFF;1|LPD;R5_TCM_RAM_GLOBAL;FFE00000;FFE3FFFF;1|LPD;R5_1_Instruction_Cache;FFEC0000;FFECFFFF;1|LPD;R5_1_Data_Cache;FFED0000;FFEDFFFF;1|LPD;R5_1_BTCM_GLOBAL;FFEB0000;FFEBFFFF;1|LPD;R5_1_ATCM_GLOBAL;FFE90000;FFE9FFFF;1|LPD;R5_0_Instruction_Cache;FFE40000;FFE4FFFF;1|LPD;R5_0_Data_Cache;FFE50000;FFE5FFFF;1|LPD;R5_0_BTCM_GLOBAL;FFE20000;FFE2FFFF;1|LPD;R5_0_ATCM_GLOBAL;FFE00000;FFE0FFFF;1|LPD;QSPI_Linear_Address;C0000000;DFFFFFFF;1|LPD;QSPI;FF0F0000;FF0FFFFF;0|LPD;PMU_RAM;FFDC0000;FFDDFFFF;1|LPD;PMU_GLOBAL;FFD80000;FFDBFFFF;1|FPD;PCIE_MAIN;FD0E0000;FD0EFFFF;0|FPD;PCIE_LOW;E0000000;EFFFFFFF;0|FPD;PCIE_HIGH2;8000000000;BFFFFFFFFF;0|FPD;PCIE_HIGH1;600000000;7FFFFFFFF;0|FPD;PCIE_DMA;FD0F0000;FD0FFFFF;0|FPD;PCIE_ATTRIB;FD480000;FD48FFFF;0|LPD;OCM_XMPU_CFG;FFA70000;FFA7FFFF;1|LPD;OCM_SLCR;FF960000;FF96FFFF;1|OCM;OCM;FFFC0000;FFFFFFFF;1|LPD;NAND;FF100000;FF10FFFF;0|LPD;MBISTJTAG;FFCF0000;FFCFFFFF;1|LPD;LPD_XPPU_SINK;FF9C0000;FF9CFFFF;1|LPD;LPD_XPPU;FF980000;FF98FFFF;1|LPD;LPD_SLCR_SECURE;FF4B0000;FF4DFFFF;1|LPD;LPD_SLCR;FF410000;FF4AFFFF;1|LPD;LPD_GPV;FE100000;FE1FFFFF;1|LPD;LPD_DMA_7;FFAF0000;FFAFFFFF;1|LPD;LPD_DMA_6;FFAE0000;FFAEFFFF;1|LPD;LPD_DMA_5;FFAD0000;FFADFFFF;1|LPD;LPD_DMA_4;FFAC0000;FFACFFFF;1|LPD;LPD_DMA_3;FFAB0000;FFABFFFF;1|LPD;LPD_DMA_2;FFAA0000;FFAAFFFF;1|LPD;LPD_DMA_1;FFA90000;FFA9FFFF;1|LPD;LPD_DMA_0;FFA80000;FFA8FFFF;1|LPD;IPI_CTRL;FF380000;FF3FFFFF;1|LPD;IOU_SLCR;FF180000;FF23FFFF;1|LPD;IOU_SECURE_SLCR;FF240000;FF24FFFF;1|LPD;IOU_SCNTRS;FF260000;FF26FFFF;1|LPD;IOU_SCNTR;FF250000;FF25FFFF;1|LPD;IOU_GPV;FE000000;FE0FFFFF;1|LPD;I2C1;FF030000;FF03FFFF;0|LPD;I2C0;FF020000;FF02FFFF;0|FPD;GPU;FD4B0000;FD4BFFFF;1|LPD;GPIO;FF0A0000;FF0AFFFF;1|LPD;GEM3;FF0E0000;FF0EFFFF;0|LPD;GEM2;FF0D0000;FF0DFFFF;0|LPD;GEM1;FF0C0000;FF0CFFFF;0|LPD;GEM0;FF0B0000;FF0BFFFF;0|FPD;FPD_XMPU_SINK;FD4F0000;FD4FFFFF;1|FPD;FPD_XMPU_CFG;FD5D0000;FD5DFFFF;1|FPD;FPD_SLCR_SECURE;FD690000;FD6CFFFF;1|FPD;FPD_SLCR;FD610000;FD68FFFF;1|FPD;FPD_DMA_CH7;FD570000;FD57FFFF;1|FPD;FPD_DMA_CH6;FD560000;FD56FFFF;1|FPD;FPD_DMA_CH5;FD550000;FD55FFFF;1|FPD;FPD_DMA_CH4;FD540000;FD54FFFF;1|FPD;FPD_DMA_CH3;FD530000;FD53FFFF;1|FPD;FPD_DMA_CH2;FD520000;FD52FFFF;1|FPD;FPD_DMA_CH1;FD510000;FD51FFFF;1|FPD;FPD_DMA_CH0;FD500000;FD50FFFF;1|LPD;EFUSE;FFCC0000;FFCCFFFF;1|FPD;Display\
## Port;FD4A0000;FD4AFFFF;1|FPD;DPDMA;FD4C0000;FD4CFFFF;1|FPD;DDR_XMPU5_CFG;FD050000;FD05FFFF;1|FPD;DDR_XMPU4_CFG;FD040000;FD04FFFF;1|FPD;DDR_XMPU3_CFG;FD030000;FD03FFFF;1|FPD;DDR_XMPU2_CFG;FD020000;FD02FFFF;1|FPD;DDR_XMPU1_CFG;FD010000;FD01FFFF;1|FPD;DDR_XMPU0_CFG;FD000000;FD00FFFF;1|FPD;DDR_QOS_CTRL;FD090000;FD09FFFF;1|FPD;DDR_PHY;FD080000;FD08FFFF;1|DDR;DDR_LOW;0;7FFFFFFF;1|DDR;DDR_HIGH;800000000;800000000;0|FPD;DDDR_CTRL;FD070000;FD070FFF;1|LPD;Coresight;FE800000;FEFFFFFF;1|LPD;CSU_DMA;FFC80000;FFC9FFFF;1|LPD;CSU;FFCA0000;FFCAFFFF;1|LPD;CRL_APB;FF5E0000;FF85FFFF;1|FPD;CRF_APB;FD1A0000;FD2DFFFF;1|FPD;CCI_REG;FD5E0000;FD5EFFFF;1|LPD;CAN1;FF070000;FF07FFFF;0|LPD;CAN0;FF060000;FF06FFFF;0|FPD;APU;FD5C0000;FD5CFFFF;1|LPD;APM_INTC_IOU;FFA20000;FFA2FFFF;1|LPD;APM_FPD_LPD;FFA30000;FFA3FFFF;1|FPD;APM_5;FD490000;FD49FFFF;1|FPD;APM_0;FD0B0000;FD0BFFFF;1|LPD;APM2;FFA10000;FFA1FFFF;1|LPD;APM1;FFA00000;FFA0FFFF;1|LPD;AMS;FFA50000;FFA5FFFF;1|FPD;AFI_5;FD3B0000;FD3BFFFF;1|FPD;AFI_4;FD3A0000;FD3AFFFF;1|FPD;AFI_3;FD390000;FD39FFFF;1|FPD;AFI_2;FD380000;FD38FFFF;1|FPD;AFI_1;FD370000;FD37FFFF;1|FPD;AFI_0;FD360000;FD36FFFF;1|LPD;AFIFM6;FF9B0000;FF9BFFFF;1|FPD;ACPU_GIC;F9010000;F907FFFF;1}\
## \
##     CONFIG.PSU__PROTECTION__SUBSYSTEMS {PMU Firmware:PMU|Secure Subsystem:} \
##     CONFIG.PSU__PSS_ALT_REF_CLK__ENABLE {0} \
##     CONFIG.PSU__PSS_ALT_REF_CLK__FREQMHZ {33.333} \
##     CONFIG.PSU__PSS_REF_CLK__FREQMHZ {33.333} \
##     CONFIG.PSU__QSPI__PERIPHERAL__ENABLE {0} \
##     CONFIG.PSU__REPORT__DBGLOG {0} \
##     CONFIG.PSU__RPU_COHERENCY {0} \
##     CONFIG.PSU__RPU__POWER__ON {1} \
##     CONFIG.PSU__SATA__PERIPHERAL__ENABLE {0} \
##     CONFIG.PSU__SAXIGP0__DATA_WIDTH {128} \
##     CONFIG.PSU__SD0__CLK_100_SDR_OTAP_DLY {0x3} \
##     CONFIG.PSU__SD0__CLK_200_SDR_OTAP_DLY {0x3} \
##     CONFIG.PSU__SD0__CLK_50_DDR_ITAP_DLY {0x3D} \
##     CONFIG.PSU__SD0__CLK_50_DDR_OTAP_DLY {0x4} \
##     CONFIG.PSU__SD0__CLK_50_SDR_ITAP_DLY {0x15} \
##     CONFIG.PSU__SD0__CLK_50_SDR_OTAP_DLY {0x5} \
##     CONFIG.PSU__SD0__PERIPHERAL__ENABLE {0} \
##     CONFIG.PSU__SD0__RESET__ENABLE {0} \
##     CONFIG.PSU__SD1__CLK_100_SDR_OTAP_DLY {0x00} \
##     CONFIG.PSU__SD1__CLK_200_SDR_OTAP_DLY {0x00} \
##     CONFIG.PSU__SD1__CLK_50_DDR_ITAP_DLY {0x00} \
##     CONFIG.PSU__SD1__CLK_50_DDR_OTAP_DLY {0x00} \
##     CONFIG.PSU__SD1__CLK_50_SDR_ITAP_DLY {0x00} \
##     CONFIG.PSU__SD1__CLK_50_SDR_OTAP_DLY {0x00} \
##     CONFIG.PSU__SD1__PERIPHERAL__ENABLE {0} \
##     CONFIG.PSU__SD1__RESET__ENABLE {0} \
##     CONFIG.PSU__SPI0_LOOP_SPI1__ENABLE {0} \
##     CONFIG.PSU__SPI0__PERIPHERAL__ENABLE {0} \
##     CONFIG.PSU__SPI1__PERIPHERAL__ENABLE {0} \
##     CONFIG.PSU__SWDT0__PERIPHERAL__ENABLE {0} \
##     CONFIG.PSU__SWDT0__PERIPHERAL__IO {NA} \
##     CONFIG.PSU__SWDT1__PERIPHERAL__ENABLE {0} \
##     CONFIG.PSU__SWDT1__PERIPHERAL__IO {NA} \
##     CONFIG.PSU__TCM0A__POWER__ON {1} \
##     CONFIG.PSU__TCM0B__POWER__ON {1} \
##     CONFIG.PSU__TCM1A__POWER__ON {1} \
##     CONFIG.PSU__TCM1B__POWER__ON {1} \
##     CONFIG.PSU__TESTSCAN__PERIPHERAL__ENABLE {0} \
##     CONFIG.PSU__TRACE__INTERNAL_WIDTH {32} \
##     CONFIG.PSU__TRACE__PERIPHERAL__ENABLE {0} \
##     CONFIG.PSU__TRISTATE__INVERTED {1} \
##     CONFIG.PSU__TTC0__PERIPHERAL__ENABLE {0} \
##     CONFIG.PSU__TTC0__PERIPHERAL__IO {NA} \
##     CONFIG.PSU__TTC1__PERIPHERAL__ENABLE {0} \
##     CONFIG.PSU__TTC1__PERIPHERAL__IO {NA} \
##     CONFIG.PSU__TTC2__PERIPHERAL__ENABLE {0} \
##     CONFIG.PSU__TTC2__PERIPHERAL__IO {NA} \
##     CONFIG.PSU__TTC3__PERIPHERAL__ENABLE {0} \
##     CONFIG.PSU__TTC3__PERIPHERAL__IO {NA} \
##     CONFIG.PSU__UART0_LOOP_UART1__ENABLE {0} \
##     CONFIG.PSU__UART0__PERIPHERAL__ENABLE {0} \
##     CONFIG.PSU__UART1__PERIPHERAL__ENABLE {0} \
##     CONFIG.PSU__USB0__PERIPHERAL__ENABLE {0} \
##     CONFIG.PSU__USB0__RESET__ENABLE {0} \
##     CONFIG.PSU__USB1__PERIPHERAL__ENABLE {0} \
##     CONFIG.PSU__USB1__RESET__ENABLE {0} \
##     CONFIG.PSU__USE_DIFF_RW_CLK_GP0 {0} \
##     CONFIG.PSU__USE__ADMA {0} \
##     CONFIG.PSU__USE__APU_LEGACY_INTERRUPT {0} \
##     CONFIG.PSU__USE__AUDIO {0} \
##     CONFIG.PSU__USE__CLK {0} \
##     CONFIG.PSU__USE__CLK0 {0} \
##     CONFIG.PSU__USE__CLK1 {0} \
##     CONFIG.PSU__USE__CLK2 {0} \
##     CONFIG.PSU__USE__CLK3 {0} \
##     CONFIG.PSU__USE__CROSS_TRIGGER {0} \
##     CONFIG.PSU__USE__DDR_INTF_REQUESTED {0} \
##     CONFIG.PSU__USE__DEBUG__TEST {0} \
##     CONFIG.PSU__USE__EVENT_RPU {0} \
##     CONFIG.PSU__USE__FABRIC__RST {1} \
##     CONFIG.PSU__USE__FTM {0} \
##     CONFIG.PSU__USE__GDMA {0} \
##     CONFIG.PSU__USE__IRQ {0} \
##     CONFIG.PSU__USE__IRQ0 {1} \
##     CONFIG.PSU__USE__IRQ1 {1} \
##     CONFIG.PSU__USE__M_AXI_GP0 {1} \
##     CONFIG.PSU__USE__M_AXI_GP1 {0} \
##     CONFIG.PSU__USE__M_AXI_GP2 {0} \
##     CONFIG.PSU__USE__PROC_EVENT_BUS {0} \
##     CONFIG.PSU__USE__RPU_LEGACY_INTERRUPT {0} \
##     CONFIG.PSU__USE__RST0 {0} \
##     CONFIG.PSU__USE__RST1 {0} \
##     CONFIG.PSU__USE__RST2 {0} \
##     CONFIG.PSU__USE__RST3 {0} \
##     CONFIG.PSU__USE__RTC {0} \
##     CONFIG.PSU__USE__STM {0} \
##     CONFIG.PSU__USE__S_AXI_ACE {0} \
##     CONFIG.PSU__USE__S_AXI_ACP {0} \
##     CONFIG.PSU__USE__S_AXI_GP0 {1} \
##     CONFIG.PSU__USE__S_AXI_GP1 {0} \
##     CONFIG.PSU__USE__S_AXI_GP2 {0} \
##     CONFIG.PSU__USE__S_AXI_GP3 {0} \
##     CONFIG.PSU__USE__S_AXI_GP4 {0} \
##     CONFIG.PSU__USE__S_AXI_GP5 {0} \
##     CONFIG.PSU__USE__S_AXI_GP6 {0} \
##     CONFIG.PSU__USE__USB3_0_HUB {0} \
##     CONFIG.PSU__USE__USB3_1_HUB {0} \
##     CONFIG.PSU__USE__VIDEO {0} \
##     CONFIG.PSU__VIDEO_REF_CLK__ENABLE {0} \
##     CONFIG.PSU__VIDEO_REF_CLK__FREQMHZ {33.333} \
##     CONFIG.QSPI_BOARD_INTERFACE {custom} \
##     CONFIG.SATA_BOARD_INTERFACE {custom} \
##     CONFIG.SD0_BOARD_INTERFACE {custom} \
##     CONFIG.SD1_BOARD_INTERFACE {custom} \
##     CONFIG.SPI0_BOARD_INTERFACE {custom} \
##     CONFIG.SPI1_BOARD_INTERFACE {custom} \
##     CONFIG.SUBPRESET1 {Custom} \
##     CONFIG.SUBPRESET2 {Custom} \
##     CONFIG.SWDT0_BOARD_INTERFACE {custom} \
##     CONFIG.SWDT1_BOARD_INTERFACE {custom} \
##     CONFIG.TRACE_BOARD_INTERFACE {custom} \
##     CONFIG.TTC0_BOARD_INTERFACE {custom} \
##     CONFIG.TTC1_BOARD_INTERFACE {custom} \
##     CONFIG.TTC2_BOARD_INTERFACE {custom} \
##     CONFIG.TTC3_BOARD_INTERFACE {custom} \
##     CONFIG.UART0_BOARD_INTERFACE {custom} \
##     CONFIG.UART1_BOARD_INTERFACE {custom} \
##     CONFIG.USB0_BOARD_INTERFACE {custom} \
##     CONFIG.USB1_BOARD_INTERFACE {custom} \
##   ] $zynq_ultra_ps_e_0
## 
## 
##   # Create instance: axi_smc, and set properties
##   set axi_smc [ create_bd_cell -type ip -vlnv xilinx.com:ip:smartconnect:1.0 axi_smc ]
##   set_property -dict [list \
##     CONFIG.NUM_MI {5} \
##     CONFIG.NUM_SI {2} \
##   ] $axi_smc
## 
## 
##   # Create instance: rst_ps8_0_96M, and set properties
##   set rst_ps8_0_96M [ create_bd_cell -type ip -vlnv xilinx.com:ip:proc_sys_reset:5.0 rst_ps8_0_96M ]
## 
##   # Create instance: axi_iic_0, and set properties
##   set axi_iic_0 [ create_bd_cell -type ip -vlnv xilinx.com:ip:axi_iic:2.1 axi_iic_0 ]
##   set_property -dict [list \
##     CONFIG.IIC_BOARD_INTERFACE {som240_1_connector_hda_iic_switch} \
##     CONFIG.USE_BOARD_FLOW {true} \
##   ] $axi_iic_0
## 
## 
##   # Create instance: xlconstant_0, and set properties
##   set xlconstant_0 [ create_bd_cell -type ip -vlnv xilinx.com:ip:xlconstant:1.1 xlconstant_0 ]
## 
##   # Create instance: v_frmbuf_wr_0, and set properties
##   set v_frmbuf_wr_0 [ create_bd_cell -type ip -vlnv xilinx.com:ip:v_frmbuf_wr:3.1 v_frmbuf_wr_0 ]
##   set_property -dict [list \
##     CONFIG.HAS_BGR8 {1} \
##     CONFIG.HAS_RGB8 {0} \
##     CONFIG.HAS_Y10 {1} \
##     CONFIG.MAX_COLS {1920} \
##     CONFIG.MAX_DATA_WIDTH {10} \
##     CONFIG.MAX_ROWS {1080} \
##     CONFIG.SAMPLES_PER_CLOCK {1} \
##   ] $v_frmbuf_wr_0
## 
## 
##   # Create instance: xlconcat_0, and set properties
##   set xlconcat_0 [ create_bd_cell -type ip -vlnv xilinx.com:ip:xlconcat:2.1 xlconcat_0 ]
## 
##   # Create instance: v_demosaic_0, and set properties
##   set v_demosaic_0 [ create_bd_cell -type ip -vlnv xilinx.com:ip:v_demosaic:1.1 v_demosaic_0 ]
##   set_property -dict [list \
##     CONFIG.MAX_COLS {1920} \
##     CONFIG.MAX_DATA_WIDTH {10} \
##     CONFIG.MAX_ROWS {1080} \
##     CONFIG.SAMPLES_PER_CLOCK {1} \
##   ] $v_demosaic_0
## 
## 
##   # Create interface connections
##   connect_bd_intf_net -intf_net axi_iic_0_IIC [get_bd_intf_ports som240_1_connector_hda_iic_switch] [get_bd_intf_pins axi_iic_0/IIC]
##   connect_bd_intf_net -intf_net axi_smc_M00_AXI [get_bd_intf_pins axi_smc/M00_AXI] [get_bd_intf_pins mipi_csi2_rx_subsyst_0/csirxss_s_axi]
##   connect_bd_intf_net -intf_net axi_smc_M01_AXI [get_bd_intf_pins axi_smc/M01_AXI] [get_bd_intf_pins v_frmbuf_wr_0/s_axi_CTRL]
##   connect_bd_intf_net -intf_net axi_smc_M02_AXI [get_bd_intf_pins axi_smc/M02_AXI] [get_bd_intf_pins axi_iic_0/S_AXI]
##   connect_bd_intf_net -intf_net axi_smc_M03_AXI [get_bd_intf_pins axi_smc/M03_AXI] [get_bd_intf_pins zynq_ultra_ps_e_0/S_AXI_HPC0_FPD]
##   connect_bd_intf_net -intf_net axi_smc_M04_AXI [get_bd_intf_pins axi_smc/M04_AXI] [get_bd_intf_pins v_demosaic_0/s_axi_CTRL]
##   connect_bd_intf_net -intf_net mipi_csi2_rx_subsyst_0_video_out [get_bd_intf_pins mipi_csi2_rx_subsyst_0/video_out] [get_bd_intf_pins v_demosaic_0/s_axis_video]
##   connect_bd_intf_net -intf_net som240_1_connector_mipi_csi_raspi_1 [get_bd_intf_ports som240_1_connector_mipi_csi_raspi] [get_bd_intf_pins mipi_csi2_rx_subsyst_0/mipi_phy_if]
##   connect_bd_intf_net -intf_net v_demosaic_0_m_axis_video [get_bd_intf_pins v_demosaic_0/m_axis_video] [get_bd_intf_pins v_frmbuf_wr_0/s_axis_video]
##   connect_bd_intf_net -intf_net v_frmbuf_wr_0_m_axi_mm_video [get_bd_intf_pins v_frmbuf_wr_0/m_axi_mm_video] [get_bd_intf_pins axi_smc/S01_AXI]
##   connect_bd_intf_net -intf_net zynq_ultra_ps_e_0_M_AXI_HPM0_FPD [get_bd_intf_pins zynq_ultra_ps_e_0/M_AXI_HPM0_FPD] [get_bd_intf_pins axi_smc/S00_AXI]
## 
##   # Create port connections
##   connect_bd_net -net axi_iic_0_iic2intc_irpt  [get_bd_pins axi_iic_0/iic2intc_irpt] \
##   [get_bd_pins xlconcat_0/In0]
##   connect_bd_net -net mipi_csi2_rx_subsyst_0_csirxss_csi_irq  [get_bd_pins mipi_csi2_rx_subsyst_0/csirxss_csi_irq] \
##   [get_bd_pins xlconcat_0/In1]
##   connect_bd_net -net rst_ps8_0_96M_peripheral_aresetn  [get_bd_pins rst_ps8_0_96M/peripheral_aresetn] \
##   [get_bd_pins mipi_csi2_rx_subsyst_0/lite_aresetn] \
##   [get_bd_pins axi_smc/aresetn] \
##   [get_bd_pins axi_iic_0/s_axi_aresetn] \
##   [get_bd_pins mipi_csi2_rx_subsyst_0/video_aresetn] \
##   [get_bd_pins v_frmbuf_wr_0/ap_rst_n] \
##   [get_bd_pins v_demosaic_0/ap_rst_n]
##   connect_bd_net -net v_frmbuf_wr_0_interrupt  [get_bd_pins v_frmbuf_wr_0/interrupt] \
##   [get_bd_pins zynq_ultra_ps_e_0/pl_ps_irq1]
##   connect_bd_net -net xlconcat_0_dout  [get_bd_pins xlconcat_0/dout] \
##   [get_bd_pins zynq_ultra_ps_e_0/pl_ps_irq0]
##   connect_bd_net -net xlconstant_0_dout  [get_bd_pins xlconstant_0/dout] \
##   [get_bd_ports rpi_cam_en]
##   connect_bd_net -net zynq_ultra_ps_e_0_pl_clk0  [get_bd_pins zynq_ultra_ps_e_0/pl_clk0] \
##   [get_bd_pins axi_smc/aclk] \
##   [get_bd_pins mipi_csi2_rx_subsyst_0/lite_aclk] \
##   [get_bd_pins rst_ps8_0_96M/slowest_sync_clk] \
##   [get_bd_pins axi_iic_0/s_axi_aclk] \
##   [get_bd_pins zynq_ultra_ps_e_0/maxihpm0_fpd_aclk] \
##   [get_bd_pins zynq_ultra_ps_e_0/saxihpc0_fpd_aclk] \
##   [get_bd_pins mipi_csi2_rx_subsyst_0/video_aclk] \
##   [get_bd_pins v_frmbuf_wr_0/ap_clk] \
##   [get_bd_pins v_demosaic_0/ap_clk]
##   connect_bd_net -net zynq_ultra_ps_e_0_pl_clk1  [get_bd_pins zynq_ultra_ps_e_0/pl_clk1] \
##   [get_bd_pins mipi_csi2_rx_subsyst_0/dphy_clk_200M]
##   connect_bd_net -net zynq_ultra_ps_e_0_pl_resetn0  [get_bd_pins zynq_ultra_ps_e_0/pl_resetn0] \
##   [get_bd_pins rst_ps8_0_96M/ext_reset_in]
## 
##   # Create address segments
##   assign_bd_address -offset 0xA0010000 -range 0x00010000 -target_address_space [get_bd_addr_spaces zynq_ultra_ps_e_0/Data] [get_bd_addr_segs axi_iic_0/S_AXI/Reg] -force
##   assign_bd_address -offset 0xA0020000 -range 0x00002000 -target_address_space [get_bd_addr_spaces zynq_ultra_ps_e_0/Data] [get_bd_addr_segs mipi_csi2_rx_subsyst_0/csirxss_s_axi/Reg] -force
##   assign_bd_address -offset 0xA0030000 -range 0x00010000 -target_address_space [get_bd_addr_spaces zynq_ultra_ps_e_0/Data] [get_bd_addr_segs v_demosaic_0/s_axi_CTRL/Reg] -force
##   assign_bd_address -offset 0xA0000000 -range 0x00010000 -target_address_space [get_bd_addr_spaces zynq_ultra_ps_e_0/Data] [get_bd_addr_segs v_frmbuf_wr_0/s_axi_CTRL/Reg] -force
##   assign_bd_address -offset 0x00000000 -range 0x80000000 -target_address_space [get_bd_addr_spaces v_frmbuf_wr_0/Data_m_axi_mm_video] [get_bd_addr_segs zynq_ultra_ps_e_0/SAXIGP0/HPC0_DDR_LOW] -force
## 
##   # Exclude Address Segments
##   exclude_bd_addr_seg -offset 0xA0010000 -range 0x00010000 -target_address_space [get_bd_addr_spaces v_frmbuf_wr_0/Data_m_axi_mm_video] [get_bd_addr_segs axi_iic_0/S_AXI/Reg]
##   exclude_bd_addr_seg -offset 0xA0020000 -range 0x00002000 -target_address_space [get_bd_addr_spaces v_frmbuf_wr_0/Data_m_axi_mm_video] [get_bd_addr_segs mipi_csi2_rx_subsyst_0/csirxss_s_axi/Reg]
##   exclude_bd_addr_seg -offset 0xA0030000 -range 0x00010000 -target_address_space [get_bd_addr_spaces v_frmbuf_wr_0/Data_m_axi_mm_video] [get_bd_addr_segs v_demosaic_0/s_axi_CTRL/Reg]
##   exclude_bd_addr_seg -offset 0xA0000000 -range 0x00010000 -target_address_space [get_bd_addr_spaces v_frmbuf_wr_0/Data_m_axi_mm_video] [get_bd_addr_segs v_frmbuf_wr_0/s_axi_CTRL/Reg]
##   exclude_bd_addr_seg -offset 0xFF000000 -range 0x01000000 -target_address_space [get_bd_addr_spaces v_frmbuf_wr_0/Data_m_axi_mm_video] [get_bd_addr_segs zynq_ultra_ps_e_0/SAXIGP0/HPC0_LPS_OCM]
##   exclude_bd_addr_seg -target_address_space [get_bd_addr_spaces zynq_ultra_ps_e_0/Data] [get_bd_addr_segs zynq_ultra_ps_e_0/SAXIGP0/HPC0_DDR_LOW]
##   exclude_bd_addr_seg -target_address_space [get_bd_addr_spaces zynq_ultra_ps_e_0/Data] [get_bd_addr_segs zynq_ultra_ps_e_0/SAXIGP0/HPC0_LPS_OCM]
## 
## 
##   # Restore current instance
##   current_bd_instance $oldCurInst
## 
##   validate_bd_design
##   save_bd_design
## }
## create_root_design ""
INFO: [Device 21-403] Loading part xck26-sfvc784-2LV-c
WARNING: [BD 41-176] The physical port 'dl0_rxinvalidcodehs' specified in the portmap, is not found on the block! 
WARNING: [BD 41-176] The physical port 'dl0_rxulpmesc' specified in the portmap, is not found on the block! 
WARNING: [BD 41-176] The physical port 'dl1_rxinvalidcodehs' specified in the portmap, is not found on the block! 
WARNING: [BD 41-176] The physical port 'dl1_rxulpmesc' specified in the portmap, is not found on the block! 
WARNING: [BD 41-176] The physical port 'dl2_rxinvalidcodehs' specified in the portmap, is not found on the block! 
WARNING: [BD 41-176] The physical port 'dl2_rxulpmesc' specified in the portmap, is not found on the block! 
WARNING: [BD 41-176] The physical port 'dl3_rxulpmesc' specified in the portmap, is not found on the block! 
create_bd_cell: Time (s): cpu = 00:00:06 ; elapsed = 00:00:06 . Memory (MB): peak = 2839.402 ; gain = 0.000 ; free physical = 5671 ; free virtual = 26842
INFO: [Ipptcl 7-1463] No Compatible Board Interface found. Board Tab not created in customize GUI
WARNING: [BD 41-394] Exec TCL: all interface pins/ports are already connected to interface net '/mipi_phy_if_1'
INFO: [BD 41-3093] Triggering Legacy Auto Assign Algorithm
create_bd_cell: Time (s): cpu = 00:00:26 ; elapsed = 00:00:27 . Memory (MB): peak = 2839.402 ; gain = 1078.789 ; free physical = 5665 ; free virtual = 26829
xit::create_sub_core: Time (s): cpu = 00:00:07 ; elapsed = 00:00:07 . Memory (MB): peak = 2839.402 ; gain = 0.000 ; free physical = 5360 ; free virtual = 26523
WARNING: [BD 41-176] The physical port 'dl0_rxinvalidcodehs' specified in the portmap, is not found on the block! 
WARNING: [BD 41-176] The physical port 'dl0_rxulpmesc' specified in the portmap, is not found on the block! 
WARNING: [BD 41-176] The physical port 'dl1_rxinvalidcodehs' specified in the portmap, is not found on the block! 
WARNING: [BD 41-176] The physical port 'dl1_rxulpmesc' specified in the portmap, is not found on the block! 
WARNING: [BD 41-176] The physical port 'dl2_rxinvalidcodehs' specified in the portmap, is not found on the block! 
WARNING: [BD 41-176] The physical port 'dl2_rxulpmesc' specified in the portmap, is not found on the block! 
WARNING: [BD 41-176] The physical port 'dl3_rxulpmesc' specified in the portmap, is not found on the block! 
create_bd_cell: Time (s): cpu = 00:00:12 ; elapsed = 00:00:12 . Memory (MB): peak = 2839.402 ; gain = 0.000 ; free physical = 5646 ; free virtual = 26811
INFO: [Ipptcl 7-1463] No Compatible Board Interface found. Board Tab not created in customize GUI
WARNING: [BD 41-394] Exec TCL: all interface pins/ports are already connected to interface net '/mipi_phy_if_1'
INFO: [BD 41-3093] Triggering Legacy Auto Assign Algorithm
create_bd_cell: Time (s): cpu = 00:00:13 ; elapsed = 00:00:14 . Memory (MB): peak = 2839.402 ; gain = 0.000 ; free physical = 6048 ; free virtual = 27285
INFO: [PSU-0] Address Range of DDR (0x7ff00000 to 0x7fffffff) is reserved by PMU for internal purpose.
INFO: [PSU-1]  DP_AUDIO clock source: VPLL is also being used by other peripheral clocks. Their outputs may get impacted if any driver changes DP_AUDIO PLL source to support runtime audio change 
WARNING: [PSU-2]  DP_VIDEO clock source: DPLL is also being used by other peripheral clocks. Their outputs may get impacted if any driver changes DP_VIDEO PLL source to support runtime resolution change 
INFO: [Ipptcl 7-1463] No Compatible Board Interface found. Board Tab not created in customize GUI
INFO: [BD 5-1043] It is recommended to use inline hdl version xilinx.com:inline_hdl:ilconstant:1.0 for the IP type xilinx.com:ip:xlconstant:1.1 for improved performance and reduced disk space. IPs with VLNV xilinx.com:ip:xlconstant:1.1 will not be supported from release 2025.2. More information on inline hdl IP is available in UG994 
INFO: [BD 5-1043] It is recommended to use inline hdl version xilinx.com:inline_hdl:ilconcat:1.0 for the IP type xilinx.com:ip:xlconcat:2.1 for improved performance and reduced disk space. IPs with VLNV xilinx.com:ip:xlconcat:2.1 will not be supported from release 2025.2. More information on inline hdl IP is available in UG994 
Slave segment '/axi_iic_0/S_AXI/Reg' is being assigned into address space '/zynq_ultra_ps_e_0/Data' at <0xA001_0000 [ 64K ]>.
Slave segment '/mipi_csi2_rx_subsyst_0/csirxss_s_axi/Reg' is being assigned into address space '/zynq_ultra_ps_e_0/Data' at <0xA002_0000 [ 8K ]>.
Slave segment '/v_demosaic_0/s_axi_CTRL/Reg' is being assigned into address space '/zynq_ultra_ps_e_0/Data' at <0xA003_0000 [ 64K ]>.
Slave segment '/v_frmbuf_wr_0/s_axi_CTRL/Reg' is being assigned into address space '/zynq_ultra_ps_e_0/Data' at <0xA000_0000 [ 64K ]>.
Slave segment '/zynq_ultra_ps_e_0/SAXIGP0/HPC0_DDR_LOW' is being assigned into address space '/v_frmbuf_wr_0/Data_m_axi_mm_video' at <0x0000_0000 [ 2G ]>.
Slave segment '/axi_iic_0/S_AXI/Reg' is being assigned into address space '/v_frmbuf_wr_0/Data_m_axi_mm_video' at <0xA001_0000 [ 64K ]>.
Excluding slave segment /axi_iic_0/S_AXI/Reg from address space /v_frmbuf_wr_0/Data_m_axi_mm_video.
Slave segment '/mipi_csi2_rx_subsyst_0/csirxss_s_axi/Reg' is being assigned into address space '/v_frmbuf_wr_0/Data_m_axi_mm_video' at <0xA002_0000 [ 8K ]>.
Excluding slave segment /mipi_csi2_rx_subsyst_0/csirxss_s_axi/Reg from address space /v_frmbuf_wr_0/Data_m_axi_mm_video.
Slave segment '/v_demosaic_0/s_axi_CTRL/Reg' is being assigned into address space '/v_frmbuf_wr_0/Data_m_axi_mm_video' at <0xA003_0000 [ 64K ]>.
Excluding slave segment /v_demosaic_0/s_axi_CTRL/Reg from address space /v_frmbuf_wr_0/Data_m_axi_mm_video.
Slave segment '/v_frmbuf_wr_0/s_axi_CTRL/Reg' is being assigned into address space '/v_frmbuf_wr_0/Data_m_axi_mm_video' at <0xA000_0000 [ 64K ]>.
Excluding slave segment /v_frmbuf_wr_0/s_axi_CTRL/Reg from address space /v_frmbuf_wr_0/Data_m_axi_mm_video.
Slave segment '/zynq_ultra_ps_e_0/SAXIGP0/HPC0_LPS_OCM' is being assigned into address space '/v_frmbuf_wr_0/Data_m_axi_mm_video' at <0xFF00_0000 [ 16M ]>.
Excluding slave segment /zynq_ultra_ps_e_0/SAXIGP0/HPC0_LPS_OCM from address space /v_frmbuf_wr_0/Data_m_axi_mm_video.
Excluding slave segment /zynq_ultra_ps_e_0/SAXIGP0/HPC0_DDR_LOW from address space /zynq_ultra_ps_e_0/Data.
Excluding slave segment /zynq_ultra_ps_e_0/SAXIGP0/HPC0_LPS_OCM from address space /zynq_ultra_ps_e_0/Data.
WARNING: [BD 41-1629] Slave segment </zynq_ultra_ps_e_0/SAXIGP0/HPC0_LPS_OCM> is excluded from all addressing paths.
WARNING: [BD 41-3281] Instance '/zynq_ultra_ps_e_0' is connected on both sides by SmartConnects and cannot automatically configure itself to match the endpoints. Please manually configure its AXI interfaces as required for the design.
WARNING: [BD 41-3281] Instance '/v_frmbuf_wr_0' is connected on both sides by SmartConnects and cannot automatically configure itself to match the endpoints. Please manually configure its AXI interfaces as required for the design.
Excluding slave segment /zynq_ultra_ps_e_0/SAXIGP0/HPC0_DDR_LOW from address space /zynq_ultra_ps_e_0/Data.
Excluding slave segment /zynq_ultra_ps_e_0/SAXIGP0/HPC0_LPS_OCM from address space /v_frmbuf_wr_0/Data_m_axi_mm_video.
Excluding slave segment /zynq_ultra_ps_e_0/SAXIGP0/HPC0_LPS_OCM from address space /zynq_ultra_ps_e_0/Data.
Excluding slave segment /axi_iic_0/S_AXI/Reg from address space /v_frmbuf_wr_0/Data_m_axi_mm_video.
Excluding slave segment /zynq_ultra_ps_e_0/SAXIGP0/HPC0_DDR_LOW from address space /zynq_ultra_ps_e_0/Data.
Excluding slave segment /zynq_ultra_ps_e_0/SAXIGP0/HPC0_LPS_OCM from address space /v_frmbuf_wr_0/Data_m_axi_mm_video.
Excluding slave segment /zynq_ultra_ps_e_0/SAXIGP0/HPC0_LPS_OCM from address space /zynq_ultra_ps_e_0/Data.
Excluding slave segment /axi_iic_0/S_AXI/Reg from address space /v_frmbuf_wr_0/Data_m_axi_mm_video.
Excluding slave segment /zynq_ultra_ps_e_0/SAXIGP0/HPC0_DDR_LOW from address space /zynq_ultra_ps_e_0/Data.
Excluding slave segment /zynq_ultra_ps_e_0/SAXIGP0/HPC0_LPS_OCM from address space /v_frmbuf_wr_0/Data_m_axi_mm_video.
Excluding slave segment /zynq_ultra_ps_e_0/SAXIGP0/HPC0_LPS_OCM from address space /zynq_ultra_ps_e_0/Data.
INFO: [BD 5-943] Reserving offset range <0x0000_0000 [ 4K ]> from slave interface '/xbar/S00_AXI' to master interface '/xbar/M00_AXI'. This will be used by smartconnect on path for routing.
INFO: [BD 5-943] Reserving offset range <0x0000_1000 [ 4K ]> from slave interface '/xbar/S00_AXI' to master interface '/xbar/M01_AXI'. This will be used by smartconnect on path for routing.
INFO: [xilinx.com:ip:smartconnect:1.0-1] bd_d10d_xbar_0: SmartConnect bd_d10d_xbar_0 is in Ultralite mode.
INFO: [PSU-1]  DP_AUDIO clock source: VPLL is also being used by other peripheral clocks. Their outputs may get impacted if any driver changes DP_AUDIO PLL source to support runtime audio change 
WARNING: [PSU-2]  DP_VIDEO clock source: DPLL is also being used by other peripheral clocks. Their outputs may get impacted if any driver changes DP_VIDEO PLL source to support runtime resolution change 
Excluding slave segment /zynq_ultra_ps_e_0/SAXIGP0/HPC0_DDR_LOW from address space /zynq_ultra_ps_e_0/Data.
Excluding slave segment /zynq_ultra_ps_e_0/SAXIGP0/HPC0_LPS_OCM from address space /v_frmbuf_wr_0/Data_m_axi_mm_video.
Excluding slave segment /zynq_ultra_ps_e_0/SAXIGP0/HPC0_LPS_OCM from address space /zynq_ultra_ps_e_0/Data.
INFO: [BD 5-943] Reserving offset range <0xA002_0000 [ 8K ]> from slave interface '/axi_smc/S00_AXI' to master interface '/axi_smc/M00_AXI'. This will be used by smartconnect on path for routing.
INFO: [BD 5-943] Reserving offset range <0xA000_0000 [ 64K ]> from slave interface '/axi_smc/S00_AXI' to master interface '/axi_smc/M01_AXI'. This will be used by smartconnect on path for routing.
INFO: [BD 5-943] Reserving offset range <0xA001_0000 [ 64K ]> from slave interface '/axi_smc/S00_AXI' to master interface '/axi_smc/M02_AXI'. This will be used by smartconnect on path for routing.
INFO: [BD 5-943] Reserving offset range <0xA003_0000 [ 64K ]> from slave interface '/axi_smc/S00_AXI' to master interface '/axi_smc/M04_AXI'. This will be used by smartconnect on path for routing.
INFO: [BD 5-943] Reserving offset range <0x0000_0000 [ 2G ]> from slave interface '/axi_smc/S01_AXI' to master interface '/axi_smc/M03_AXI'. This will be used by smartconnect on path for routing.
INFO: [xilinx.com:ip:smartconnect:1.0-1] design_1_axi_smc_0: Ultralite mode is disabled because of sparse connectivity
INFO: [xilinx.com:ip:smartconnect:1.0-1] design_1_axi_smc_0: Sparse connectivity detected between Slaves S00 and S01 while accessing M01
INFO: [xilinx.com:ip:smartconnect:1.0-1] design_1_axi_smc_0: SmartConnect design_1_axi_smc_0 is in High-performance Mode.
INFO: [Ipptcl 7-1463] No Compatible Board Interface found. Board Tab not created in customize GUI
xit::source_ipfile: Time (s): cpu = 00:00:06 ; elapsed = 00:00:07 . Memory (MB): peak = 2839.402 ; gain = 0.000 ; free physical = 5664 ; free virtual = 26853
xit::source_ipfile: Time (s): cpu = 00:00:07 ; elapsed = 00:00:07 . Memory (MB): peak = 2839.402 ; gain = 0.000 ; free physical = 5751 ; free virtual = 26944
Excluding slave segment /axi_iic_0/S_AXI/Reg from address space /v_frmbuf_wr_0/Data_m_axi_mm_video.
Excluding slave segment /zynq_ultra_ps_e_0/SAXIGP0/HPC0_DDR_LOW from address space /zynq_ultra_ps_e_0/Data.
Excluding slave segment /zynq_ultra_ps_e_0/SAXIGP0/HPC0_LPS_OCM from address space /v_frmbuf_wr_0/Data_m_axi_mm_video.
Excluding slave segment /zynq_ultra_ps_e_0/SAXIGP0/HPC0_LPS_OCM from address space /zynq_ultra_ps_e_0/Data.
Excluding slave segment /zynq_ultra_ps_e_0/SAXIGP0/HPC0_DDR_LOW from address space /zynq_ultra_ps_e_0/Data.
Excluding slave segment /zynq_ultra_ps_e_0/SAXIGP0/HPC0_LPS_OCM from address space /v_frmbuf_wr_0/Data_m_axi_mm_video.
Excluding slave segment /zynq_ultra_ps_e_0/SAXIGP0/HPC0_LPS_OCM from address space /zynq_ultra_ps_e_0/Data.
WARNING: [BD 41-237] Bus Interface property AWUSER_WIDTH does not match between /zynq_ultra_ps_e_0/S_AXI_HPC0_FPD(1) and /axi_smc/M03_AXI(16)
WARNING: [BD 41-237] Bus Interface property ARUSER_WIDTH does not match between /zynq_ultra_ps_e_0/S_AXI_HPC0_FPD(1) and /axi_smc/M03_AXI(16)
validate_bd_design: Time (s): cpu = 00:00:16 ; elapsed = 00:00:16 . Memory (MB): peak = 2839.402 ; gain = 0.000 ; free physical = 5727 ; free virtual = 26922
Wrote  : </home/lachlan/multicam-kria-k26/build-hw/myproj/project_1.srcs/sources_1/bd/design_1/design_1.bd> 
## set rpi_cam_xdc [file normalize [file join $script_folder constrs_1.xdc]]
## if {![file exists $rpi_cam_xdc]} {
##   error "Required camera-enable constraint is missing: $rpi_cam_xdc"
## }
## if {[get_files -quiet -of_objects [get_filesets constrs_1] $rpi_cam_xdc] eq ""} {
##   add_files -fileset constrs_1 -norecurse $rpi_cam_xdc
## }
## set_property USED_IN {synthesis implementation} [get_files $rpi_cam_xdc]
# set bd_file [get_files -quiet design_1.bd]
# if {$bd_file eq ""} {
#     error "design_1.bd was not created"
# }
INFO: [BD 41-1662] The design 'design_1.bd' is already validated. Therefore parameter propagation will not be re-run.
WARNING: [BD 41-2384] Width mismatch when connecting pin: '/v_demosaic_0/s_axis_video_TDEST'(1) to pin: '/mipi_csi2_rx_subsyst_0/video_out_tdest'(10) - Only lower order bits will be connected.
Verilog Output written to : /home/lachlan/multicam-kria-k26/build-hw/myproj/project_1.gen/sources_1/bd/design_1/synth/design_1.v
WARNING: [BD 41-2384] Width mismatch when connecting pin: '/v_demosaic_0/s_axis_video_TDEST'(1) to pin: '/mipi_csi2_rx_subsyst_0/video_out_tdest'(10) - Only lower order bits will be connected.
Verilog Output written to : /home/lachlan/multicam-kria-k26/build-hw/myproj/project_1.gen/sources_1/bd/design_1/sim/design_1.v
Verilog Output written to : /home/lachlan/multicam-kria-k26/build-hw/myproj/project_1.gen/sources_1/bd/design_1/hdl/design_1_wrapper.v
# set wrapper_files [make_wrapper -files $bd_file -top]
# add_files -norecurse $wrapper_files
# update_compile_order -fileset sources_1
update_compile_order: Time (s): cpu = 00:00:11 ; elapsed = 00:00:11 . Memory (MB): peak = 2903.434 ; gain = 64.031 ; free physical = 5997 ; free virtual = 27303
# update_compile_order -fileset sim_1
update_compile_order: Time (s): cpu = 00:00:08 ; elapsed = 00:00:08 . Memory (MB): peak = 2903.434 ; gain = 0.000 ; free physical = 6118 ; free virtual = 27350
# launch_runs synth_1 -jobs $jobs
INFO: [BD 41-1662] The design 'design_1.bd' is already validated. Therefore parameter propagation will not be re-run.
WARNING: [BD 41-2384] Width mismatch when connecting pin: '/v_demosaic_0/s_axis_video_TDEST'(1) to pin: '/mipi_csi2_rx_subsyst_0/video_out_tdest'(10) - Only lower order bits will be connected.
Verilog Output written to : /home/lachlan/multicam-kria-k26/build-hw/myproj/project_1.gen/sources_1/bd/design_1/synth/design_1.v
WARNING: [BD 41-2384] Width mismatch when connecting pin: '/v_demosaic_0/s_axis_video_TDEST'(1) to pin: '/mipi_csi2_rx_subsyst_0/video_out_tdest'(10) - Only lower order bits will be connected.
Verilog Output written to : /home/lachlan/multicam-kria-k26/build-hw/myproj/project_1.gen/sources_1/bd/design_1/sim/design_1.v
Verilog Output written to : /home/lachlan/multicam-kria-k26/build-hw/myproj/project_1.gen/sources_1/bd/design_1/hdl/design_1_wrapper.v
Exporting to file /home/lachlan/multicam-kria-k26/build-hw/myproj/project_1.gen/sources_1/bd/design_1/ip/design_1_mipi_csi2_rx_subsyst_0_0/bd_1/hw_handoff/bd_d10d_xbar_0.hwh
Generated Hardware Definition File /home/lachlan/multicam-kria-k26/build-hw/myproj/project_1.gen/sources_1/bd/design_1/ip/design_1_mipi_csi2_rx_subsyst_0_0/bd_1/synth/bd_d10d_xbar_0.hwdef
WARNING: [IP_Flow 19-5378] Port width mismatch for bus parameter 'M00_AXIS.TDATA_NUM_BYTES'. Logical port width '8' and physical port width '32' do not match.
WARNING: [IP_Flow 19-5378] Port width mismatch for bus parameter 'M00_AXIS.TUSER_WIDTH'. Logical port width '96' and physical port width '384' do not match.
WARNING: [IP_Flow 19-5378] Port width mismatch for bus parameter 'M00_AXIS.TDEST_WIDTH'. Logical port width '4' and physical port width '16' do not match.
WARNING: [IP_Flow 19-5378] Port width mismatch for bus parameter 'M01_AXIS.TDATA_NUM_BYTES'. Logical port width '8' and physical port width '32' do not match.
WARNING: [IP_Flow 19-5378] Port width mismatch for bus parameter 'M01_AXIS.TUSER_WIDTH'. Logical port width '96' and physical port width '384' do not match.
WARNING: [IP_Flow 19-5378] Port width mismatch for bus parameter 'M01_AXIS.TDEST_WIDTH'. Logical port width '4' and physical port width '16' do not match.
WARNING: [IP_Flow 19-5378] Port width mismatch for bus parameter 'M02_AXIS.TDATA_NUM_BYTES'. Logical port width '8' and physical port width '32' do not match.
WARNING: [IP_Flow 19-5378] Port width mismatch for bus parameter 'M02_AXIS.TUSER_WIDTH'. Logical port width '96' and physical port width '384' do not match.
WARNING: [IP_Flow 19-5378] Port width mismatch for bus parameter 'M02_AXIS.TDEST_WIDTH'. Logical port width '4' and physical port width '16' do not match.
WARNING: [IP_Flow 19-5378] Port width mismatch for bus parameter 'M03_AXIS.TDATA_NUM_BYTES'. Logical port width '8' and physical port width '32' do not match.
WARNING: [IP_Flow 19-5378] Port width mismatch for bus parameter 'M03_AXIS.TUSER_WIDTH'. Logical port width '96' and physical port width '384' do not match.
WARNING: [IP_Flow 19-5378] Port width mismatch for bus parameter 'M03_AXIS.TDEST_WIDTH'. Logical port width '4' and physical port width '16' do not match.
Exporting to file /home/lachlan/multicam-kria-k26/build-hw/myproj/project_1.gen/sources_1/bd/design_1/ip/design_1_mipi_csi2_rx_subsyst_0_0/bd_0/hw_handoff/design_1_mipi_csi2_rx_subsyst_0_0.hwh
Generated Hardware Definition File /home/lachlan/multicam-kria-k26/build-hw/myproj/project_1.gen/sources_1/bd/design_1/ip/design_1_mipi_csi2_rx_subsyst_0_0/bd_0/synth/design_1_mipi_csi2_rx_subsyst_0_0.hwdef
INFO: [BD 41-1029] Generation completed for the IP Integrator block mipi_csi2_rx_subsyst_0 .
INFO: [xilinx.com:ip:zynq_ultra_ps_e:3.5-0] design_1_zynq_ultra_ps_e_0_0: 
Changes in your design (including the PCW configuration settings) are not automatically exported from Vivado to Amd's SDK, Petalinux or Yocto.
This is by design to avoid disrupting existing embedded development efforts. To have any changes of your design taking effect in the embedded software flow please export your
design by going through Vivado's main menu, click on File, then Export finally select Export Hardware, please ensure you click on the Include BitStream option.
The auto-generated HDF file is all you need to import in Amd's SDK, Petalinux or Yocto for your changes to be reflected in the Embedded Software Flow.
For more information, please consult PG201, section: Exporting PCW Settings to Embedded Software Flows
INFO: [PSU-0] Address Range of DDR (0x7ff00000 to 0x7fffffff) is reserved by PMU for internal purpose.
INFO: [IP_Flow 19-5611] Unable to find an associated reset port for the interface 'M_AXI_HPM0_FPD'. A default connection has been created.
INFO: [IP_Flow 19-5611] Unable to find an associated reset port for the interface 'S_AXI_HPC0_FPD'. A default connection has been created.
INFO: [BD 41-1029] Generation completed for the IP Integrator block zynq_ultra_ps_e_0 .
Exporting to file /home/lachlan/multicam-kria-k26/build-hw/myproj/project_1.gen/sources_1/bd/design_1/ip/design_1_axi_smc_0/bd_0/hw_handoff/design_1_axi_smc_0.hwh
Generated Hardware Definition File /home/lachlan/multicam-kria-k26/build-hw/myproj/project_1.gen/sources_1/bd/design_1/ip/design_1_axi_smc_0/bd_0/synth/design_1_axi_smc_0.hwdef
INFO: [BD 41-1029] Generation completed for the IP Integrator block axi_smc .
INFO: [BD 41-1029] Generation completed for the IP Integrator block rst_ps8_0_96M .
INFO: [BD 41-1029] Generation completed for the IP Integrator block axi_iic_0 .
INFO: [BD 41-1029] Generation completed for the IP Integrator block xlconstant_0 .
WARNING: [IP_Flow 19-1971] File named "sim/design_1_v_frmbuf_wr_0_0.v" already exists in file group "xilinx_verilogsimulationwrapper", cannot add it again.
INFO: [BD 41-1029] Generation completed for the IP Integrator block v_frmbuf_wr_0 .
INFO: [BD 41-1029] Generation completed for the IP Integrator block xlconcat_0 .
WARNING: [IP_Flow 19-1971] File named "sim/design_1_v_demosaic_0_0.v" already exists in file group "xilinx_verilogsimulationwrapper", cannot add it again.
INFO: [BD 41-1029] Generation completed for the IP Integrator block v_demosaic_0 .
Exporting to file /home/lachlan/multicam-kria-k26/build-hw/myproj/project_1.gen/sources_1/bd/design_1/hw_handoff/design_1.hwh
Generated Hardware Definition File /home/lachlan/multicam-kria-k26/build-hw/myproj/project_1.gen/sources_1/bd/design_1/synth/design_1.hwdef
INFO: [BD 41-3262] Generated VHDL Instantiation Template file /home/lachlan/multicam-kria-k26/build-hw/myproj/project_1.gen/sources_1/bd/design_1/design_1.vho
INFO: [BD 41-3262] Generated Verilog Instantiation Template file /home/lachlan/multicam-kria-k26/build-hw/myproj/project_1.gen/sources_1/bd/design_1/design_1.veo
INFO: [BD 41-3262] Generated System Verilog Instantiation Template file /home/lachlan/multicam-kria-k26/build-hw/myproj/project_1.gen/sources_1/bd/design_1/design_1_sv.sveo
[Wed Aug 19 11:46:14 2026] Launched design_1_mipi_csi2_rx_subsyst_0_0_synth_1, design_1_zynq_ultra_ps_e_0_0_synth_1, bd_d10d_rx_0_synth_1, design_1_v_frmbuf_wr_0_0_synth_1, design_1_rst_ps8_0_96M_0_synth_1, design_1_v_demosaic_0_0_synth_1, bd_d10d_phy_0_synth_1, design_1_axi_iic_0_0_synth_1, bd_d10d_r_sync_0_synth_1, design_1_axi_smc_0_synth_1, bd_d10d_vfb_0_0_synth_1, bd_d10d_xbar_0_synth_1...
Run output will be captured here:
design_1_mipi_csi2_rx_subsyst_0_0_synth_1: /home/lachlan/multicam-kria-k26/build-hw/myproj/project_1.runs/design_1_mipi_csi2_rx_subsyst_0_0_synth_1/runme.log
design_1_zynq_ultra_ps_e_0_0_synth_1: /home/lachlan/multicam-kria-k26/build-hw/myproj/project_1.runs/design_1_zynq_ultra_ps_e_0_0_synth_1/runme.log
bd_d10d_rx_0_synth_1: /home/lachlan/multicam-kria-k26/build-hw/myproj/project_1.runs/bd_d10d_rx_0_synth_1/runme.log
design_1_v_frmbuf_wr_0_0_synth_1: /home/lachlan/multicam-kria-k26/build-hw/myproj/project_1.runs/design_1_v_frmbuf_wr_0_0_synth_1/runme.log
design_1_rst_ps8_0_96M_0_synth_1: /home/lachlan/multicam-kria-k26/build-hw/myproj/project_1.runs/design_1_rst_ps8_0_96M_0_synth_1/runme.log
design_1_v_demosaic_0_0_synth_1: /home/lachlan/multicam-kria-k26/build-hw/myproj/project_1.runs/design_1_v_demosaic_0_0_synth_1/runme.log
bd_d10d_phy_0_synth_1: /home/lachlan/multicam-kria-k26/build-hw/myproj/project_1.runs/bd_d10d_phy_0_synth_1/runme.log
design_1_axi_iic_0_0_synth_1: /home/lachlan/multicam-kria-k26/build-hw/myproj/project_1.runs/design_1_axi_iic_0_0_synth_1/runme.log
bd_d10d_r_sync_0_synth_1: /home/lachlan/multicam-kria-k26/build-hw/myproj/project_1.runs/bd_d10d_r_sync_0_synth_1/runme.log
design_1_axi_smc_0_synth_1: /home/lachlan/multicam-kria-k26/build-hw/myproj/project_1.runs/design_1_axi_smc_0_synth_1/runme.log
bd_d10d_vfb_0_0_synth_1: /home/lachlan/multicam-kria-k26/build-hw/myproj/project_1.runs/bd_d10d_vfb_0_0_synth_1/runme.log
bd_d10d_xbar_0_synth_1: /home/lachlan/multicam-kria-k26/build-hw/myproj/project_1.runs/bd_d10d_xbar_0_synth_1/runme.log
[Wed Aug 19 11:46:15 2026] Launched synth_1...
Run output will be captured here: /home/lachlan/multicam-kria-k26/build-hw/myproj/project_1.runs/synth_1/runme.log
launch_runs: Time (s): cpu = 00:01:25 ; elapsed = 00:01:27 . Memory (MB): peak = 3058.500 ; gain = 155.066 ; free physical = 5218 ; free virtual = 26559
# wait_on_run synth_1
[Wed Aug 19 11:46:15 2026] Waiting for synth_1 to finish...

*** Running vivado
    with args -log design_1_wrapper.vds -m64 -product Vivado -mode batch -messageDb vivado.pb -notrace -source design_1_wrapper.tcl

INFO: [Common 17-3922] A valid Vivado Design Suite BASIC license has been detected. Your current license is active and will expire on 17-jul-2027.
#-----------------------------------------------------------
# Vivado v2026.1 (64-bit)
# SW Build 6511674 on Tue Jun 16 11:01:26 MDT 2026
# IP Build 6504888 on Tue Jun 09 09:05:25 MDT 2026
# SharedData Build 6501428 on Mon Jun 08 17:34:18 MDT 2026
# Start of session at: Wed Aug 19 12:15:20 2026
# Process ID         : 293859
# Current directory  : /home/lachlan/multicam-kria-k26/build-hw/myproj/project_1.runs/synth_1
# Command line       : vivado -log design_1_wrapper.vds -product Vivado -mode batch -messageDb vivado.pb -notrace -source design_1_wrapper.tcl
# Log file           : /home/lachlan/multicam-kria-k26/build-hw/myproj/project_1.runs/synth_1/design_1_wrapper.vds
# Journal file       : /home/lachlan/multicam-kria-k26/build-hw/myproj/project_1.runs/synth_1/vivado.jou
# Running On         : lpdeb
# Platform           : Debian
# Operating System   : Debian GNU/Linux 13 (trixie)
# Processor Detail   : Intel(R) Core(TM) i7-9750H CPU @ 2.60GHz
# CPU Frequency      : 1601.316 MHz
# CPU Physical cores : 6
# CPU Logical cores  : 12
# Host memory        : 33284 MB
# Swap memory        : 13143 MB
# Total Virtual      : 46428 MB
# Available Virtual  : 30816 MB
#-----------------------------------------------------------

****** Vivado v2026.1 (64-bit)
  **** SW Build 6511674 on Tue Jun 16 11:01:26 MDT 2026
  **** IP Build 6504888 on Tue Jun 09 09:05:25 MDT 2026
  **** SharedData Build 6501428 on Mon Jun 08 17:34:18 MDT 2026
  **** Start of session at: Wed Aug 19 12:15:20 2026
    ** Copyright 1986-2022 Xilinx, Inc. All Rights Reserved.
    ** Copyright 2022-2026 Advanced Micro Devices, Inc. All Rights Reserved.

source design_1_wrapper.tcl -notrace
create_project: Time (s): cpu = 00:01:08 ; elapsed = 00:00:11 . Memory (MB): peak = 1714.359 ; gain = 272.055 ; free physical = 13365 ; free virtual = 28454
INFO: [IP_Flow 19-234] Refreshing IP repositories
INFO: [IP_Flow 19-1704] No user IP repositories specified
INFO: [IP_Flow 19-2313] Loaded Vivado IP repository '/home/lachlan/vivado/2026.1/data/ip'.
INFO: [Project 1-5698] Found the below utility IPs instantiated in block design /home/lachlan/multicam-kria-k26/build-hw/myproj/project_1.srcs/sources_1/bd/design_1/design_1.bd which have equivalent inline hdl with improved performance and reduced diskspace.
It is recommended to migrate these utility IPs to inline hdl  using the command upgrade_project -migrate_to_inline_hdl.  The utility IPs may be deprecated in future releases.
More information on inline hdl is available in UG994.
Utility IP Component Instances:
 design_1_xlconstant_0_0
design_1_xlconcat_0_0
add_files: Time (s): cpu = 00:00:16 ; elapsed = 00:00:16 . Memory (MB): peak = 1766.523 ; gain = 52.164 ; free physical = 13035 ; free virtual = 28101
Command: synth_design -top design_1_wrapper -part xck26-sfvc784-2LV-c
Starting synth_design
Attempting to get a license for feature 'Vivado_Synthesis' and/or device 'xck26'
INFO: [Common 17-349] Got license for feature 'Vivado_Synthesis' and/or device 'xck26'
INFO: [Device 21-403] Loading part xck26-sfvc784-2LV-c
INFO: [Designutils 20-5008] Incremental synthesis strategy default
INFO: [Synth 8-7079] Multithreading enabled for synth_design using a maximum of 7 processes.
INFO: [Synth 8-7078] Launching helper process for spawning children vivado processes
INFO: [Synth 8-7075] Helper process launched with PID 295206
---------------------------------------------------------------------------------
Starting RTL Elaboration : Time (s): cpu = 00:00:12 ; elapsed = 00:00:12 . Memory (MB): peak = 2994.289 ; gain = 168.766 ; free physical = 12286 ; free virtual = 27278
---------------------------------------------------------------------------------
INFO: [Synth 8-6157] synthesizing module 'design_1_wrapper' [/home/lachlan/multicam-kria-k26/build-hw/myproj/project_1.gen/sources_1/bd/design_1/hdl/design_1_wrapper.v:13]
INFO: [Synth 8-6157] synthesizing module 'design_1' [/home/lachlan/multicam-kria-k26/build-hw/myproj/project_1.gen/sources_1/bd/design_1/synth/design_1.v:13]
INFO: [Synth 8-6157] synthesizing module 'design_1_axi_iic_0_0' [/home/lachlan/multicam-kria-k26/build-hw/myproj/project_1.runs/synth_1/.Xil/Vivado-293859-lpdeb/realtime/design_1_axi_iic_0_0_stub.v:6]
INFO: [Synth 8-6155] done synthesizing module 'design_1_axi_iic_0_0' (0#1) [/home/lachlan/multicam-kria-k26/build-hw/myproj/project_1.runs/synth_1/.Xil/Vivado-293859-lpdeb/realtime/design_1_axi_iic_0_0_stub.v:6]
WARNING: [Synth 8-7071] port 'gpo' of module 'design_1_axi_iic_0_0' is unconnected for instance 'axi_iic_0' [/home/lachlan/multicam-kria-k26/build-hw/myproj/project_1.gen/sources_1/bd/design_1/synth/design_1.v:250]
WARNING: [Synth 8-7023] instance 'axi_iic_0' of module 'design_1_axi_iic_0_0' has 27 connections declared, but only 26 given [/home/lachlan/multicam-kria-k26/build-hw/myproj/project_1.gen/sources_1/bd/design_1/synth/design_1.v:250]
INFO: [Synth 8-6157] synthesizing module 'design_1_axi_smc_0' [/home/lachlan/multicam-kria-k26/build-hw/myproj/project_1.runs/synth_1/.Xil/Vivado-293859-lpdeb/realtime/design_1_axi_smc_0_stub.v:6]
INFO: [Synth 8-6155] done synthesizing module 'design_1_axi_smc_0' (0#1) [/home/lachlan/multicam-kria-k26/build-hw/myproj/project_1.runs/synth_1/.Xil/Vivado-293859-lpdeb/realtime/design_1_axi_smc_0_stub.v:6]
WARNING: [Synth 8-7071] port 'M01_AXI_awprot' of module 'design_1_axi_smc_0' is unconnected for instance 'axi_smc' [/home/lachlan/multicam-kria-k26/build-hw/myproj/project_1.gen/sources_1/bd/design_1/synth/design_1.v:277]
WARNING: [Synth 8-7071] port 'M01_AXI_arprot' of module 'design_1_axi_smc_0' is unconnected for instance 'axi_smc' [/home/lachlan/multicam-kria-k26/build-hw/myproj/project_1.gen/sources_1/bd/design_1/synth/design_1.v:277]
WARNING: [Synth 8-7071] port 'M02_AXI_awprot' of module 'design_1_axi_smc_0' is unconnected for instance 'axi_smc' [/home/lachlan/multicam-kria-k26/build-hw/myproj/project_1.gen/sources_1/bd/design_1/synth/design_1.v:277]
WARNING: [Synth 8-7071] port 'M02_AXI_arprot' of module 'design_1_axi_smc_0' is unconnected for instance 'axi_smc' [/home/lachlan/multicam-kria-k26/build-hw/myproj/project_1.gen/sources_1/bd/design_1/synth/design_1.v:277]
WARNING: [Synth 8-7071] port 'M04_AXI_awprot' of module 'design_1_axi_smc_0' is unconnected for instance 'axi_smc' [/home/lachlan/multicam-kria-k26/build-hw/myproj/project_1.gen/sources_1/bd/design_1/synth/design_1.v:277]
WARNING: [Synth 8-7071] port 'M04_AXI_arprot' of module 'design_1_axi_smc_0' is unconnected for instance 'axi_smc' [/home/lachlan/multicam-kria-k26/build-hw/myproj/project_1.gen/sources_1/bd/design_1/synth/design_1.v:277]
WARNING: [Synth 8-7023] instance 'axi_smc' of module 'design_1_axi_smc_0' has 185 connections declared, but only 179 given [/home/lachlan/multicam-kria-k26/build-hw/myproj/project_1.gen/sources_1/bd/design_1/synth/design_1.v:277]
INFO: [Synth 8-6157] synthesizing module 'design_1_mipi_csi2_rx_subsyst_0_0' [/home/lachlan/multicam-kria-k26/build-hw/myproj/project_1.runs/synth_1/.Xil/Vivado-293859-lpdeb/realtime/design_1_mipi_csi2_rx_subsyst_0_0_stub.v:6]
INFO: [Synth 8-6155] done synthesizing module 'design_1_mipi_csi2_rx_subsyst_0_0' (0#1) [/home/lachlan/multicam-kria-k26/build-hw/myproj/project_1.runs/synth_1/.Xil/Vivado-293859-lpdeb/realtime/design_1_mipi_csi2_rx_subsyst_0_0_stub.v:6]
WARNING: [Synth 8-7071] port 'rxbyteclkhs' of module 'design_1_mipi_csi2_rx_subsyst_0_0' is unconnected for instance 'mipi_csi2_rx_subsyst_0' [/home/lachlan/multicam-kria-k26/build-hw/myproj/project_1.gen/sources_1/bd/design_1/synth/design_1.v:457]
WARNING: [Synth 8-7071] port 'clkoutphy_out' of module 'design_1_mipi_csi2_rx_subsyst_0_0' is unconnected for instance 'mipi_csi2_rx_subsyst_0' [/home/lachlan/multicam-kria-k26/build-hw/myproj/project_1.gen/sources_1/bd/design_1/synth/design_1.v:457]
WARNING: [Synth 8-7071] port 'pll_lock_out' of module 'design_1_mipi_csi2_rx_subsyst_0_0' is unconnected for instance 'mipi_csi2_rx_subsyst_0' [/home/lachlan/multicam-kria-k26/build-hw/myproj/project_1.gen/sources_1/bd/design_1/synth/design_1.v:457]
WARNING: [Synth 8-7071] port 'system_rst_out' of module 'design_1_mipi_csi2_rx_subsyst_0_0' is unconnected for instance 'mipi_csi2_rx_subsyst_0' [/home/lachlan/multicam-kria-k26/build-hw/myproj/project_1.gen/sources_1/bd/design_1/synth/design_1.v:457]
WARNING: [Synth 8-7023] instance 'mipi_csi2_rx_subsyst_0' of module 'design_1_mipi_csi2_rx_subsyst_0_0' has 39 connections declared, but only 35 given [/home/lachlan/multicam-kria-k26/build-hw/myproj/project_1.gen/sources_1/bd/design_1/synth/design_1.v:457]
INFO: [Synth 8-6157] synthesizing module 'design_1_rst_ps8_0_96M_0' [/home/lachlan/multicam-kria-k26/build-hw/myproj/project_1.runs/synth_1/.Xil/Vivado-293859-lpdeb/realtime/design_1_rst_ps8_0_96M_0_stub.v:6]
INFO: [Synth 8-6155] done synthesizing module 'design_1_rst_ps8_0_96M_0' (0#1) [/home/lachlan/multicam-kria-k26/build-hw/myproj/project_1.runs/synth_1/.Xil/Vivado-293859-lpdeb/realtime/design_1_rst_ps8_0_96M_0_stub.v:6]
WARNING: [Synth 8-7071] port 'mb_reset' of module 'design_1_rst_ps8_0_96M_0' is unconnected for instance 'rst_ps8_0_96M' [/home/lachlan/multicam-kria-k26/build-hw/myproj/project_1.gen/sources_1/bd/design_1/synth/design_1.v:493]
WARNING: [Synth 8-7071] port 'bus_struct_reset' of module 'design_1_rst_ps8_0_96M_0' is unconnected for instance 'rst_ps8_0_96M' [/home/lachlan/multicam-kria-k26/build-hw/myproj/project_1.gen/sources_1/bd/design_1/synth/design_1.v:493]
WARNING: [Synth 8-7071] port 'peripheral_reset' of module 'design_1_rst_ps8_0_96M_0' is unconnected for instance 'rst_ps8_0_96M' [/home/lachlan/multicam-kria-k26/build-hw/myproj/project_1.gen/sources_1/bd/design_1/synth/design_1.v:493]
WARNING: [Synth 8-7071] port 'interconnect_aresetn' of module 'design_1_rst_ps8_0_96M_0' is unconnected for instance 'rst_ps8_0_96M' [/home/lachlan/multicam-kria-k26/build-hw/myproj/project_1.gen/sources_1/bd/design_1/synth/design_1.v:493]
WARNING: [Synth 8-7023] instance 'rst_ps8_0_96M' of module 'design_1_rst_ps8_0_96M_0' has 10 connections declared, but only 6 given [/home/lachlan/multicam-kria-k26/build-hw/myproj/project_1.gen/sources_1/bd/design_1/synth/design_1.v:493]
INFO: [Synth 8-6157] synthesizing module 'design_1_v_demosaic_0_0' [/home/lachlan/multicam-kria-k26/build-hw/myproj/project_1.runs/synth_1/.Xil/Vivado-293859-lpdeb/realtime/design_1_v_demosaic_0_0_stub.v:6]
INFO: [Synth 8-6155] done synthesizing module 'design_1_v_demosaic_0_0' (0#1) [/home/lachlan/multicam-kria-k26/build-hw/myproj/project_1.runs/synth_1/.Xil/Vivado-293859-lpdeb/realtime/design_1_v_demosaic_0_0_stub.v:6]
WARNING: [Synth 8-7071] port 'interrupt' of module 'design_1_v_demosaic_0_0' is unconnected for instance 'v_demosaic_0' [/home/lachlan/multicam-kria-k26/build-hw/myproj/project_1.gen/sources_1/bd/design_1/synth/design_1.v:500]
WARNING: [Synth 8-7023] instance 'v_demosaic_0' of module 'design_1_v_demosaic_0_0' has 38 connections declared, but only 37 given [/home/lachlan/multicam-kria-k26/build-hw/myproj/project_1.gen/sources_1/bd/design_1/synth/design_1.v:500]
INFO: [Synth 8-6157] synthesizing module 'design_1_v_frmbuf_wr_0_0' [/home/lachlan/multicam-kria-k26/build-hw/myproj/project_1.runs/synth_1/.Xil/Vivado-293859-lpdeb/realtime/design_1_v_frmbuf_wr_0_0_stub.v:6]
INFO: [Synth 8-6155] done synthesizing module 'design_1_v_frmbuf_wr_0_0' (0#1) [/home/lachlan/multicam-kria-k26/build-hw/myproj/project_1.runs/synth_1/.Xil/Vivado-293859-lpdeb/realtime/design_1_v_frmbuf_wr_0_0_stub.v:6]
WARNING: [Synth 8-7071] port 'm_axi_mm_video_AWREGION' of module 'design_1_v_frmbuf_wr_0_0' is unconnected for instance 'v_frmbuf_wr_0' [/home/lachlan/multicam-kria-k26/build-hw/myproj/project_1.gen/sources_1/bd/design_1/synth/design_1.v:538]
WARNING: [Synth 8-7071] port 'm_axi_mm_video_ARREGION' of module 'design_1_v_frmbuf_wr_0_0' is unconnected for instance 'v_frmbuf_wr_0' [/home/lachlan/multicam-kria-k26/build-hw/myproj/project_1.gen/sources_1/bd/design_1/synth/design_1.v:538]
WARNING: [Synth 8-7023] instance 'v_frmbuf_wr_0' of module 'design_1_v_frmbuf_wr_0_0' has 64 connections declared, but only 62 given [/home/lachlan/multicam-kria-k26/build-hw/myproj/project_1.gen/sources_1/bd/design_1/synth/design_1.v:538]
INFO: [Synth 8-6157] synthesizing module 'design_1_xlconcat_0_0' [/home/lachlan/multicam-kria-k26/build-hw/myproj/project_1.gen/sources_1/bd/design_1/ip/design_1_xlconcat_0_0/synth/design_1_xlconcat_0_0.v:53]
INFO: [Synth 8-6157] synthesizing module 'xlconcat_v2_1_7_xlconcat' [/home/lachlan/multicam-kria-k26/build-hw/myproj/project_1.gen/sources_1/bd/design_1/ipshared/9c1a/hdl/xlconcat_v2_1_rfs.v:59]
INFO: [Synth 8-6155] done synthesizing module 'xlconcat_v2_1_7_xlconcat' (0#1) [/home/lachlan/multicam-kria-k26/build-hw/myproj/project_1.gen/sources_1/bd/design_1/ipshared/9c1a/hdl/xlconcat_v2_1_rfs.v:59]
INFO: [Synth 8-6155] done synthesizing module 'design_1_xlconcat_0_0' (0#1) [/home/lachlan/multicam-kria-k26/build-hw/myproj/project_1.gen/sources_1/bd/design_1/ip/design_1_xlconcat_0_0/synth/design_1_xlconcat_0_0.v:53]
INFO: [Synth 8-6157] synthesizing module 'design_1_xlconstant_0_0' [/home/lachlan/multicam-kria-k26/build-hw/myproj/project_1.gen/sources_1/bd/design_1/ip/design_1_xlconstant_0_0/synth/design_1_xlconstant_0_0.v:53]
INFO: [Synth 8-6157] synthesizing module 'xlconstant_v1_1_11_xlconstant' [/home/lachlan/multicam-kria-k26/build-hw/myproj/project_1.gen/sources_1/bd/design_1/ipshared/ff42/hdl/xlconstant_v1_1_rfs.v:68]
INFO: [Synth 8-6155] done synthesizing module 'xlconstant_v1_1_11_xlconstant' (0#1) [/home/lachlan/multicam-kria-k26/build-hw/myproj/project_1.gen/sources_1/bd/design_1/ipshared/ff42/hdl/xlconstant_v1_1_rfs.v:68]
INFO: [Synth 8-6155] done synthesizing module 'design_1_xlconstant_0_0' (0#1) [/home/lachlan/multicam-kria-k26/build-hw/myproj/project_1.gen/sources_1/bd/design_1/ip/design_1_xlconstant_0_0/synth/design_1_xlconstant_0_0.v:53]
INFO: [Synth 8-6157] synthesizing module 'design_1_zynq_ultra_ps_e_0_0' [/home/lachlan/multicam-kria-k26/build-hw/myproj/project_1.runs/synth_1/.Xil/Vivado-293859-lpdeb/realtime/design_1_zynq_ultra_ps_e_0_0_stub.v:6]
INFO: [Synth 8-6155] done synthesizing module 'design_1_zynq_ultra_ps_e_0_0' (0#1) [/home/lachlan/multicam-kria-k26/build-hw/myproj/project_1.runs/synth_1/.Xil/Vivado-293859-lpdeb/realtime/design_1_zynq_ultra_ps_e_0_0_stub.v:6]
WARNING: [Synth 8-7071] port 'saxigp0_bid' of module 'design_1_zynq_ultra_ps_e_0_0' is unconnected for instance 'zynq_ultra_ps_e_0' [/home/lachlan/multicam-kria-k26/build-hw/myproj/project_1.gen/sources_1/bd/design_1/synth/design_1.v:607]
WARNING: [Synth 8-7071] port 'saxigp0_rid' of module 'design_1_zynq_ultra_ps_e_0_0' is unconnected for instance 'zynq_ultra_ps_e_0' [/home/lachlan/multicam-kria-k26/build-hw/myproj/project_1.gen/sources_1/bd/design_1/synth/design_1.v:607]
WARNING: [Synth 8-7071] port 'dp_aux_data_out' of module 'design_1_zynq_ultra_ps_e_0_0' is unconnected for instance 'zynq_ultra_ps_e_0' [/home/lachlan/multicam-kria-k26/build-hw/myproj/project_1.gen/sources_1/bd/design_1/synth/design_1.v:607]
WARNING: [Synth 8-7071] port 'dp_aux_data_oe_n' of module 'design_1_zynq_ultra_ps_e_0_0' is unconnected for instance 'zynq_ultra_ps_e_0' [/home/lachlan/multicam-kria-k26/build-hw/myproj/project_1.gen/sources_1/bd/design_1/synth/design_1.v:607]
WARNING: [Synth 8-7023] instance 'zynq_ultra_ps_e_0' of module 'design_1_zynq_ultra_ps_e_0_0' has 89 connections declared, but only 85 given [/home/lachlan/multicam-kria-k26/build-hw/myproj/project_1.gen/sources_1/bd/design_1/synth/design_1.v:607]
INFO: [Synth 8-6155] done synthesizing module 'design_1' (0#1) [/home/lachlan/multicam-kria-k26/build-hw/myproj/project_1.gen/sources_1/bd/design_1/synth/design_1.v:13]
INFO: [Synth 8-6157] synthesizing module 'IOBUF' [/home/lachlan/vivado/2026.1/Vivado/scripts/rt/data/unisim_comp.v:87508]
INFO: [Synth 8-6155] done synthesizing module 'IOBUF' (0#1) [/home/lachlan/vivado/2026.1/Vivado/scripts/rt/data/unisim_comp.v:87508]
INFO: [Synth 8-6155] done synthesizing module 'design_1_wrapper' (0#1) [/home/lachlan/multicam-kria-k26/build-hw/myproj/project_1.gen/sources_1/bd/design_1/hdl/design_1_wrapper.v:13]
WARNING: [Synth 8-7129] Port In2[0] in module xlconcat_v2_1_7_xlconcat is either unconnected or has no load
WARNING: [Synth 8-7129] Port In3[0] in module xlconcat_v2_1_7_xlconcat is either unconnected or has no load
WARNING: [Synth 8-7129] Port In4[0] in module xlconcat_v2_1_7_xlconcat is either unconnected or has no load
WARNING: [Synth 8-7129] Port In5[0] in module xlconcat_v2_1_7_xlconcat is either unconnected or has no load
WARNING: [Synth 8-7129] Port In6[0] in module xlconcat_v2_1_7_xlconcat is either unconnected or has no load
WARNING: [Synth 8-7129] Port In7[0] in module xlconcat_v2_1_7_xlconcat is either unconnected or has no load
WARNING: [Synth 8-7129] Port In8[0] in module xlconcat_v2_1_7_xlconcat is either unconnected or has no load
WARNING: [Synth 8-7129] Port In9[0] in module xlconcat_v2_1_7_xlconcat is either unconnected or has no load
WARNING: [Synth 8-7129] Port In10[0] in module xlconcat_v2_1_7_xlconcat is either unconnected or has no load
WARNING: [Synth 8-7129] Port In11[0] in module xlconcat_v2_1_7_xlconcat is either unconnected or has no load
WARNING: [Synth 8-7129] Port In12[0] in module xlconcat_v2_1_7_xlconcat is either unconnected or has no load
WARNING: [Synth 8-7129] Port In13[0] in module xlconcat_v2_1_7_xlconcat is either unconnected or has no load
WARNING: [Synth 8-7129] Port In14[0] in module xlconcat_v2_1_7_xlconcat is either unconnected or has no load
WARNING: [Synth 8-7129] Port In15[0] in module xlconcat_v2_1_7_xlconcat is either unconnected or has no load
WARNING: [Synth 8-7129] Port In16[0] in module xlconcat_v2_1_7_xlconcat is either unconnected or has no load
WARNING: [Synth 8-7129] Port In17[0] in module xlconcat_v2_1_7_xlconcat is either unconnected or has no load
WARNING: [Synth 8-7129] Port In18[0] in module xlconcat_v2_1_7_xlconcat is either unconnected or has no load
WARNING: [Synth 8-7129] Port In19[0] in module xlconcat_v2_1_7_xlconcat is either unconnected or has no load
WARNING: [Synth 8-7129] Port In20[0] in module xlconcat_v2_1_7_xlconcat is either unconnected or has no load
WARNING: [Synth 8-7129] Port In21[0] in module xlconcat_v2_1_7_xlconcat is either unconnected or has no load
WARNING: [Synth 8-7129] Port In22[0] in module xlconcat_v2_1_7_xlconcat is either unconnected or has no load
WARNING: [Synth 8-7129] Port In23[0] in module xlconcat_v2_1_7_xlconcat is either unconnected or has no load
WARNING: [Synth 8-7129] Port In24[0] in module xlconcat_v2_1_7_xlconcat is either unconnected or has no load
WARNING: [Synth 8-7129] Port In25[0] in module xlconcat_v2_1_7_xlconcat is either unconnected or has no load
WARNING: [Synth 8-7129] Port In26[0] in module xlconcat_v2_1_7_xlconcat is either unconnected or has no load
WARNING: [Synth 8-7129] Port In27[0] in module xlconcat_v2_1_7_xlconcat is either unconnected or has no load
WARNING: [Synth 8-7129] Port In28[0] in module xlconcat_v2_1_7_xlconcat is either unconnected or has no load
WARNING: [Synth 8-7129] Port In29[0] in module xlconcat_v2_1_7_xlconcat is either unconnected or has no load
WARNING: [Synth 8-7129] Port In30[0] in module xlconcat_v2_1_7_xlconcat is either unconnected or has no load
WARNING: [Synth 8-7129] Port In31[0] in module xlconcat_v2_1_7_xlconcat is either unconnected or has no load
WARNING: [Synth 8-7129] Port In32[0] in module xlconcat_v2_1_7_xlconcat is either unconnected or has no load
WARNING: [Synth 8-7129] Port In33[0] in module xlconcat_v2_1_7_xlconcat is either unconnected or has no load
WARNING: [Synth 8-7129] Port In34[0] in module xlconcat_v2_1_7_xlconcat is either unconnected or has no load
WARNING: [Synth 8-7129] Port In35[0] in module xlconcat_v2_1_7_xlconcat is either unconnected or has no load
WARNING: [Synth 8-7129] Port In36[0] in module xlconcat_v2_1_7_xlconcat is either unconnected or has no load
WARNING: [Synth 8-7129] Port In37[0] in module xlconcat_v2_1_7_xlconcat is either unconnected or has no load
WARNING: [Synth 8-7129] Port In38[0] in module xlconcat_v2_1_7_xlconcat is either unconnected or has no load
WARNING: [Synth 8-7129] Port In39[0] in module xlconcat_v2_1_7_xlconcat is either unconnected or has no load
WARNING: [Synth 8-7129] Port In40[0] in module xlconcat_v2_1_7_xlconcat is either unconnected or has no load
WARNING: [Synth 8-7129] Port In41[0] in module xlconcat_v2_1_7_xlconcat is either unconnected or has no load
WARNING: [Synth 8-7129] Port In42[0] in module xlconcat_v2_1_7_xlconcat is either unconnected or has no load
WARNING: [Synth 8-7129] Port In43[0] in module xlconcat_v2_1_7_xlconcat is either unconnected or has no load
WARNING: [Synth 8-7129] Port In44[0] in module xlconcat_v2_1_7_xlconcat is either unconnected or has no load
WARNING: [Synth 8-7129] Port In45[0] in module xlconcat_v2_1_7_xlconcat is either unconnected or has no load
WARNING: [Synth 8-7129] Port In46[0] in module xlconcat_v2_1_7_xlconcat is either unconnected or has no load
WARNING: [Synth 8-7129] Port In47[0] in module xlconcat_v2_1_7_xlconcat is either unconnected or has no load
WARNING: [Synth 8-7129] Port In48[0] in module xlconcat_v2_1_7_xlconcat is either unconnected or has no load
WARNING: [Synth 8-7129] Port In49[0] in module xlconcat_v2_1_7_xlconcat is either unconnected or has no load
WARNING: [Synth 8-7129] Port In50[0] in module xlconcat_v2_1_7_xlconcat is either unconnected or has no load
WARNING: [Synth 8-7129] Port In51[0] in module xlconcat_v2_1_7_xlconcat is either unconnected or has no load
WARNING: [Synth 8-7129] Port In52[0] in module xlconcat_v2_1_7_xlconcat is either unconnected or has no load
WARNING: [Synth 8-7129] Port In53[0] in module xlconcat_v2_1_7_xlconcat is either unconnected or has no load
WARNING: [Synth 8-7129] Port In54[0] in module xlconcat_v2_1_7_xlconcat is either unconnected or has no load
WARNING: [Synth 8-7129] Port In55[0] in module xlconcat_v2_1_7_xlconcat is either unconnected or has no load
WARNING: [Synth 8-7129] Port In56[0] in module xlconcat_v2_1_7_xlconcat is either unconnected or has no load
WARNING: [Synth 8-7129] Port In57[0] in module xlconcat_v2_1_7_xlconcat is either unconnected or has no load
WARNING: [Synth 8-7129] Port In58[0] in module xlconcat_v2_1_7_xlconcat is either unconnected or has no load
WARNING: [Synth 8-7129] Port In59[0] in module xlconcat_v2_1_7_xlconcat is either unconnected or has no load
WARNING: [Synth 8-7129] Port In60[0] in module xlconcat_v2_1_7_xlconcat is either unconnected or has no load
WARNING: [Synth 8-7129] Port In61[0] in module xlconcat_v2_1_7_xlconcat is either unconnected or has no load
WARNING: [Synth 8-7129] Port In62[0] in module xlconcat_v2_1_7_xlconcat is either unconnected or has no load
WARNING: [Synth 8-7129] Port In63[0] in module xlconcat_v2_1_7_xlconcat is either unconnected or has no load
WARNING: [Synth 8-7129] Port In64[0] in module xlconcat_v2_1_7_xlconcat is either unconnected or has no load
WARNING: [Synth 8-7129] Port In65[0] in module xlconcat_v2_1_7_xlconcat is either unconnected or has no load
WARNING: [Synth 8-7129] Port In66[0] in module xlconcat_v2_1_7_xlconcat is either unconnected or has no load
WARNING: [Synth 8-7129] Port In67[0] in module xlconcat_v2_1_7_xlconcat is either unconnected or has no load
WARNING: [Synth 8-7129] Port In68[0] in module xlconcat_v2_1_7_xlconcat is either unconnected or has no load
WARNING: [Synth 8-7129] Port In69[0] in module xlconcat_v2_1_7_xlconcat is either unconnected or has no load
WARNING: [Synth 8-7129] Port In70[0] in module xlconcat_v2_1_7_xlconcat is either unconnected or has no load
WARNING: [Synth 8-7129] Port In71[0] in module xlconcat_v2_1_7_xlconcat is either unconnected or has no load
WARNING: [Synth 8-7129] Port In72[0] in module xlconcat_v2_1_7_xlconcat is either unconnected or has no load
WARNING: [Synth 8-7129] Port In73[0] in module xlconcat_v2_1_7_xlconcat is either unconnected or has no load
WARNING: [Synth 8-7129] Port In74[0] in module xlconcat_v2_1_7_xlconcat is either unconnected or has no load
WARNING: [Synth 8-7129] Port In75[0] in module xlconcat_v2_1_7_xlconcat is either unconnected or has no load
WARNING: [Synth 8-7129] Port In76[0] in module xlconcat_v2_1_7_xlconcat is either unconnected or has no load
WARNING: [Synth 8-7129] Port In77[0] in module xlconcat_v2_1_7_xlconcat is either unconnected or has no load
WARNING: [Synth 8-7129] Port In78[0] in module xlconcat_v2_1_7_xlconcat is either unconnected or has no load
WARNING: [Synth 8-7129] Port In79[0] in module xlconcat_v2_1_7_xlconcat is either unconnected or has no load
WARNING: [Synth 8-7129] Port In80[0] in module xlconcat_v2_1_7_xlconcat is either unconnected or has no load
WARNING: [Synth 8-7129] Port In81[0] in module xlconcat_v2_1_7_xlconcat is either unconnected or has no load
WARNING: [Synth 8-7129] Port In82[0] in module xlconcat_v2_1_7_xlconcat is either unconnected or has no load
WARNING: [Synth 8-7129] Port In83[0] in module xlconcat_v2_1_7_xlconcat is either unconnected or has no load
WARNING: [Synth 8-7129] Port In84[0] in module xlconcat_v2_1_7_xlconcat is either unconnected or has no load
WARNING: [Synth 8-7129] Port In85[0] in module xlconcat_v2_1_7_xlconcat is either unconnected or has no load
WARNING: [Synth 8-7129] Port In86[0] in module xlconcat_v2_1_7_xlconcat is either unconnected or has no load
WARNING: [Synth 8-7129] Port In87[0] in module xlconcat_v2_1_7_xlconcat is either unconnected or has no load
WARNING: [Synth 8-7129] Port In88[0] in module xlconcat_v2_1_7_xlconcat is either unconnected or has no load
WARNING: [Synth 8-7129] Port In89[0] in module xlconcat_v2_1_7_xlconcat is either unconnected or has no load
WARNING: [Synth 8-7129] Port In90[0] in module xlconcat_v2_1_7_xlconcat is either unconnected or has no load
WARNING: [Synth 8-7129] Port In91[0] in module xlconcat_v2_1_7_xlconcat is either unconnected or has no load
WARNING: [Synth 8-7129] Port In92[0] in module xlconcat_v2_1_7_xlconcat is either unconnected or has no load
WARNING: [Synth 8-7129] Port In93[0] in module xlconcat_v2_1_7_xlconcat is either unconnected or has no load
WARNING: [Synth 8-7129] Port In94[0] in module xlconcat_v2_1_7_xlconcat is either unconnected or has no load
WARNING: [Synth 8-7129] Port In95[0] in module xlconcat_v2_1_7_xlconcat is either unconnected or has no load
WARNING: [Synth 8-7129] Port In96[0] in module xlconcat_v2_1_7_xlconcat is either unconnected or has no load
WARNING: [Synth 8-7129] Port In97[0] in module xlconcat_v2_1_7_xlconcat is either unconnected or has no load
WARNING: [Synth 8-7129] Port In98[0] in module xlconcat_v2_1_7_xlconcat is either unconnected or has no load
WARNING: [Synth 8-7129] Port In99[0] in module xlconcat_v2_1_7_xlconcat is either unconnected or has no load
WARNING: [Synth 8-7129] Port In100[0] in module xlconcat_v2_1_7_xlconcat is either unconnected or has no load
WARNING: [Synth 8-7129] Port In101[0] in module xlconcat_v2_1_7_xlconcat is either unconnected or has no load
INFO: [Common 17-14] Message 'Synth 8-7129' appears 100 times and further instances of the messages will be disabled. Use the Tcl command set_msg_config to change the current settings.
---------------------------------------------------------------------------------
Finished RTL Elaboration : Time (s): cpu = 00:00:17 ; elapsed = 00:00:17 . Memory (MB): peak = 3091.227 ; gain = 265.703 ; free physical = 12141 ; free virtual = 27138
---------------------------------------------------------------------------------
---------------------------------------------------------------------------------
Start Handling Custom Attributes
---------------------------------------------------------------------------------
---------------------------------------------------------------------------------
Finished Handling Custom Attributes : Time (s): cpu = 00:00:17 ; elapsed = 00:00:17 . Memory (MB): peak = 3091.227 ; gain = 265.703 ; free physical = 12143 ; free virtual = 27139
---------------------------------------------------------------------------------
---------------------------------------------------------------------------------
Finished RTL Optimization Phase 1 : Time (s): cpu = 00:00:17 ; elapsed = 00:00:17 . Memory (MB): peak = 3091.227 ; gain = 265.703 ; free physical = 12143 ; free virtual = 27139
---------------------------------------------------------------------------------
Netlist sorting complete. Time (s): cpu = 00:00:00.01 ; elapsed = 00:00:00.01 . Memory (MB): peak = 3091.227 ; gain = 0.000 ; free physical = 12103 ; free virtual = 27133
INFO: [Netlist 29-17] Analyzing 2 Unisim elements for replacement
INFO: [Netlist 29-28] Unisim Transformation completed in 0 CPU seconds
INFO: [Project 1-570] Preparing netlist for logic optimization

Processing XDC Constraints
Initializing timing engine
Parsing XDC File [/home/lachlan/multicam-kria-k26/build-hw/myproj/project_1.gen/sources_1/bd/design_1/ip/design_1_mipi_csi2_rx_subsyst_0_0/design_1_mipi_csi2_rx_subsyst_0_0/design_1_mipi_csi2_rx_subsyst_0_0_in_context.xdc] for cell 'design_1_i/mipi_csi2_rx_subsyst_0'
create_clock: Time (s): cpu = 00:00:16 ; elapsed = 00:00:16 . Memory (MB): peak = 3137.488 ; gain = 6.242 ; free physical = 12677 ; free virtual = 27666
Finished Parsing XDC File [/home/lachlan/multicam-kria-k26/build-hw/myproj/project_1.gen/sources_1/bd/design_1/ip/design_1_mipi_csi2_rx_subsyst_0_0/design_1_mipi_csi2_rx_subsyst_0_0/design_1_mipi_csi2_rx_subsyst_0_0_in_context.xdc] for cell 'design_1_i/mipi_csi2_rx_subsyst_0'
Parsing XDC File [/home/lachlan/multicam-kria-k26/build-hw/myproj/project_1.gen/sources_1/bd/design_1/ip/design_1_zynq_ultra_ps_e_0_0/design_1_zynq_ultra_ps_e_0_0/design_1_zynq_ultra_ps_e_0_0_in_context.xdc] for cell 'design_1_i/zynq_ultra_ps_e_0'
Finished Parsing XDC File [/home/lachlan/multicam-kria-k26/build-hw/myproj/project_1.gen/sources_1/bd/design_1/ip/design_1_zynq_ultra_ps_e_0_0/design_1_zynq_ultra_ps_e_0_0/design_1_zynq_ultra_ps_e_0_0_in_context.xdc] for cell 'design_1_i/zynq_ultra_ps_e_0'
Parsing XDC File [/home/lachlan/multicam-kria-k26/build-hw/myproj/project_1.gen/sources_1/bd/design_1/ip/design_1_axi_smc_0/design_1_axi_smc_0/design_1_axi_smc_0_in_context.xdc] for cell 'design_1_i/axi_smc'
Finished Parsing XDC File [/home/lachlan/multicam-kria-k26/build-hw/myproj/project_1.gen/sources_1/bd/design_1/ip/design_1_axi_smc_0/design_1_axi_smc_0/design_1_axi_smc_0_in_context.xdc] for cell 'design_1_i/axi_smc'
Parsing XDC File [/home/lachlan/multicam-kria-k26/build-hw/myproj/project_1.gen/sources_1/bd/design_1/ip/design_1_rst_ps8_0_96M_0/design_1_rst_ps8_0_96M_0/design_1_rst_ps8_0_96M_0_in_context.xdc] for cell 'design_1_i/rst_ps8_0_96M'
Finished Parsing XDC File [/home/lachlan/multicam-kria-k26/build-hw/myproj/project_1.gen/sources_1/bd/design_1/ip/design_1_rst_ps8_0_96M_0/design_1_rst_ps8_0_96M_0/design_1_rst_ps8_0_96M_0_in_context.xdc] for cell 'design_1_i/rst_ps8_0_96M'
Parsing XDC File [/home/lachlan/multicam-kria-k26/build-hw/myproj/project_1.gen/sources_1/bd/design_1/ip/design_1_axi_iic_0_0/design_1_axi_iic_0_0/design_1_axi_iic_0_0_in_context.xdc] for cell 'design_1_i/axi_iic_0'
Finished Parsing XDC File [/home/lachlan/multicam-kria-k26/build-hw/myproj/project_1.gen/sources_1/bd/design_1/ip/design_1_axi_iic_0_0/design_1_axi_iic_0_0/design_1_axi_iic_0_0_in_context.xdc] for cell 'design_1_i/axi_iic_0'
Parsing XDC File [/home/lachlan/multicam-kria-k26/build-hw/myproj/project_1.gen/sources_1/bd/design_1/ip/design_1_v_frmbuf_wr_0_0/design_1_v_frmbuf_wr_0_0/design_1_v_frmbuf_wr_0_0_in_context.xdc] for cell 'design_1_i/v_frmbuf_wr_0'
Finished Parsing XDC File [/home/lachlan/multicam-kria-k26/build-hw/myproj/project_1.gen/sources_1/bd/design_1/ip/design_1_v_frmbuf_wr_0_0/design_1_v_frmbuf_wr_0_0/design_1_v_frmbuf_wr_0_0_in_context.xdc] for cell 'design_1_i/v_frmbuf_wr_0'
Parsing XDC File [/home/lachlan/multicam-kria-k26/build-hw/myproj/project_1.gen/sources_1/bd/design_1/ip/design_1_v_demosaic_0_0/design_1_v_demosaic_0_0/design_1_v_demosaic_0_0_in_context.xdc] for cell 'design_1_i/v_demosaic_0'
Finished Parsing XDC File [/home/lachlan/multicam-kria-k26/build-hw/myproj/project_1.gen/sources_1/bd/design_1/ip/design_1_v_demosaic_0_0/design_1_v_demosaic_0_0/design_1_v_demosaic_0_0_in_context.xdc] for cell 'design_1_i/v_demosaic_0'
Parsing XDC File [/home/lachlan/multicam-kria-k26/hardware/constrs_1.xdc]
Finished Parsing XDC File [/home/lachlan/multicam-kria-k26/hardware/constrs_1.xdc]
INFO: [Project 1-236] Implementation specific constraints were found while reading constraint file [/home/lachlan/multicam-kria-k26/hardware/constrs_1.xdc]. These constraints will be ignored for synthesis but will be used in implementation. Impacted constraints are listed in the file [.Xil/design_1_wrapper_propImpl.xdc].
Resolution: To avoid this warning, move constraints listed in [.Xil/design_1_wrapper_propImpl.xdc] to another XDC file and exclude this new file from synthesis with the used_in_synthesis property (File Properties dialog in GUI) and re-run elaboration/synthesis.
Parsing XDC File [/home/lachlan/multicam-kria-k26/build-hw/myproj/project_1.runs/synth_1/dont_touch.xdc]
Finished Parsing XDC File [/home/lachlan/multicam-kria-k26/build-hw/myproj/project_1.runs/synth_1/dont_touch.xdc]
Completed Processing XDC Constraints

Netlist sorting complete. Time (s): cpu = 00:00:00 ; elapsed = 00:00:00 . Memory (MB): peak = 3137.488 ; gain = 0.000 ; free physical = 12662 ; free virtual = 27651
INFO: [Project 1-111] Unisim Transformation Summary:
  A total of 2 instances were transformed.
  IOBUF => IOBUF (IBUFCTRL, INBUF, OBUFT): 2 instances

Constraint Validation Runtime : Time (s): cpu = 00:00:00.01 ; elapsed = 00:00:00.02 . Memory (MB): peak = 3137.523 ; gain = 0.000 ; free physical = 12653 ; free virtual = 27642
WARNING: [Timing 38-316] Clock period '10.000' specified during out-of-context synthesis of instance 'design_1_i/mipi_csi2_rx_subsyst_0' at clock pin 'lite_aclk' is different from the actual clock period '6.666', this can lead to different synthesis results.
---------------------------------------------------------------------------------
Finished Constraint Validation : Time (s): cpu = 00:00:51 ; elapsed = 00:00:52 . Memory (MB): peak = 3137.523 ; gain = 312.000 ; free physical = 12218 ; free virtual = 27212
---------------------------------------------------------------------------------
---------------------------------------------------------------------------------
Start Loading Part and Timing Information
---------------------------------------------------------------------------------
Loading part: xck26-sfvc784-2LV-c
INFO: [Synth 8-6742] Reading net delay rules and data
---------------------------------------------------------------------------------
Finished Loading Part and Timing Information : Time (s): cpu = 00:00:51 ; elapsed = 00:00:52 . Memory (MB): peak = 3145.492 ; gain = 319.969 ; free physical = 12218 ; free virtual = 27212
---------------------------------------------------------------------------------
---------------------------------------------------------------------------------
Start Applying 'set_property' XDC Constraints
---------------------------------------------------------------------------------
---------------------------------------------------------------------------------
Finished applying 'set_property' XDC Constraints : Time (s): cpu = 00:00:52 ; elapsed = 00:00:52 . Memory (MB): peak = 3145.492 ; gain = 319.969 ; free physical = 12217 ; free virtual = 27211
---------------------------------------------------------------------------------
---------------------------------------------------------------------------------
Finished RTL Optimization Phase 2 : Time (s): cpu = 00:00:52 ; elapsed = 00:00:53 . Memory (MB): peak = 3145.492 ; gain = 319.969 ; free physical = 12199 ; free virtual = 27195
---------------------------------------------------------------------------------
---------------------------------------------------------------------------------
Start RTL Component Statistics 
---------------------------------------------------------------------------------
Detailed RTL Component Info : 
---------------------------------------------------------------------------------
Finished RTL Component Statistics 
---------------------------------------------------------------------------------
---------------------------------------------------------------------------------
Start Part Resource Summary
---------------------------------------------------------------------------------
Part Resources:
DSPs: 1248 (col length:96)
BRAMs: 288 (col length: RAMB18 96 RAMB36 48)
---------------------------------------------------------------------------------
Finished Part Resource Summary
---------------------------------------------------------------------------------
---------------------------------------------------------------------------------
Start Cross Boundary and Area Optimization
---------------------------------------------------------------------------------
---------------------------------------------------------------------------------
Finished Cross Boundary and Area Optimization : Time (s): cpu = 00:00:58 ; elapsed = 00:00:58 . Memory (MB): peak = 3145.492 ; gain = 319.969 ; free physical = 12432 ; free virtual = 27434
---------------------------------------------------------------------------------
---------------------------------------------------------------------------------
Start Applying XDC Timing Constraints
---------------------------------------------------------------------------------
---------------------------------------------------------------------------------
Finished Applying XDC Timing Constraints : Time (s): cpu = 00:01:23 ; elapsed = 00:01:25 . Memory (MB): peak = 3805.340 ; gain = 979.816 ; free physical = 11388 ; free virtual = 26543
---------------------------------------------------------------------------------
---------------------------------------------------------------------------------
Start Timing Optimization
---------------------------------------------------------------------------------
---------------------------------------------------------------------------------
Finished Timing Optimization : Time (s): cpu = 00:01:24 ; elapsed = 00:01:25 . Memory (MB): peak = 3806.340 ; gain = 980.816 ; free physical = 11380 ; free virtual = 26534
---------------------------------------------------------------------------------
---------------------------------------------------------------------------------
Start Technology Mapping
---------------------------------------------------------------------------------
---------------------------------------------------------------------------------
Finished Technology Mapping : Time (s): cpu = 00:01:24 ; elapsed = 00:01:25 . Memory (MB): peak = 3817.355 ; gain = 991.832 ; free physical = 11387 ; free virtual = 26540
---------------------------------------------------------------------------------
---------------------------------------------------------------------------------
Start IO Insertion
---------------------------------------------------------------------------------
---------------------------------------------------------------------------------
Start Flattening Before IO Insertion
---------------------------------------------------------------------------------
---------------------------------------------------------------------------------
Finished Flattening Before IO Insertion
---------------------------------------------------------------------------------
---------------------------------------------------------------------------------
Start Final Netlist Cleanup
---------------------------------------------------------------------------------
---------------------------------------------------------------------------------
Finished Final Netlist Cleanup
---------------------------------------------------------------------------------
---------------------------------------------------------------------------------
Finished IO Insertion : Time (s): cpu = 00:01:40 ; elapsed = 00:01:41 . Memory (MB): peak = 4030.168 ; gain = 1204.645 ; free physical = 11229 ; free virtual = 26373
---------------------------------------------------------------------------------
---------------------------------------------------------------------------------
Start Renaming Generated Instances
---------------------------------------------------------------------------------
---------------------------------------------------------------------------------
Finished Renaming Generated Instances : Time (s): cpu = 00:01:40 ; elapsed = 00:01:41 . Memory (MB): peak = 4030.168 ; gain = 1204.645 ; free physical = 11229 ; free virtual = 26373
---------------------------------------------------------------------------------
---------------------------------------------------------------------------------
Start Rebuilding User Hierarchy
---------------------------------------------------------------------------------
---------------------------------------------------------------------------------
Finished Rebuilding User Hierarchy : Time (s): cpu = 00:01:40 ; elapsed = 00:01:41 . Memory (MB): peak = 4030.168 ; gain = 1204.645 ; free physical = 11229 ; free virtual = 26373
---------------------------------------------------------------------------------
---------------------------------------------------------------------------------
Start Renaming Generated Ports
---------------------------------------------------------------------------------
---------------------------------------------------------------------------------
Finished Renaming Generated Ports : Time (s): cpu = 00:01:40 ; elapsed = 00:01:42 . Memory (MB): peak = 4030.168 ; gain = 1204.645 ; free physical = 11228 ; free virtual = 26372
---------------------------------------------------------------------------------
---------------------------------------------------------------------------------
Start Handling Custom Attributes
---------------------------------------------------------------------------------
---------------------------------------------------------------------------------
Finished Handling Custom Attributes : Time (s): cpu = 00:01:40 ; elapsed = 00:01:42 . Memory (MB): peak = 4030.168 ; gain = 1204.645 ; free physical = 11228 ; free virtual = 26372
---------------------------------------------------------------------------------
---------------------------------------------------------------------------------
Start Renaming Generated Nets
---------------------------------------------------------------------------------
---------------------------------------------------------------------------------
Finished Renaming Generated Nets : Time (s): cpu = 00:01:40 ; elapsed = 00:01:42 . Memory (MB): peak = 4030.168 ; gain = 1204.645 ; free physical = 11228 ; free virtual = 26372
---------------------------------------------------------------------------------
---------------------------------------------------------------------------------
Start Writing Synthesis Report
---------------------------------------------------------------------------------

Report BlackBoxes: 
+------+----------------------------------+----------+
|      |BlackBox name                     |Instances |
+------+----------------------------------+----------+
|1     |design_1_axi_iic_0_0              |         1|
|2     |design_1_axi_smc_0                |         1|
|3     |design_1_mipi_csi2_rx_subsyst_0_0 |         1|
|4     |design_1_rst_ps8_0_96M_0          |         1|
|5     |design_1_v_demosaic_0_0           |         1|
|6     |design_1_v_frmbuf_wr_0_0          |         1|
|7     |design_1_zynq_ultra_ps_e_0_0      |         1|
+------+----------------------------------+----------+

Report Cell Usage: 
+------+--------------------------------+------+
|      |Cell                            |Count |
+------+--------------------------------+------+
|1     |design_1_axi_iic_0              |     1|
|2     |design_1_axi_smc                |     1|
|3     |design_1_mipi_csi2_rx_subsyst_0 |     1|
|4     |design_1_rst_ps8_0_96M          |     1|
|5     |design_1_v_demosaic_0           |     1|
|6     |design_1_v_frmbuf_wr_0          |     1|
|7     |design_1_zynq_ultra_ps_e_0      |     1|
|8     |IOBUF                           |     2|
|9     |OBUF                            |     1|
+------+--------------------------------+------+
---------------------------------------------------------------------------------
Finished Writing Synthesis Report : Time (s): cpu = 00:01:40 ; elapsed = 00:01:42 . Memory (MB): peak = 4030.168 ; gain = 1204.645 ; free physical = 11226 ; free virtual = 26370
---------------------------------------------------------------------------------
Synthesis finished with 0 errors, 0 critical warnings and 0 warnings.
Synthesis Optimization Runtime : Time (s): cpu = 00:01:21 ; elapsed = 00:01:22 . Memory (MB): peak = 4030.168 ; gain = 1158.348 ; free physical = 11176 ; free virtual = 26306
Synthesis Optimization Complete : Time (s): cpu = 00:01:41 ; elapsed = 00:01:43 . Memory (MB): peak = 4030.168 ; gain = 1204.645 ; free physical = 11176 ; free virtual = 26306
INFO: [Project 1-571] Translating synthesized netlist
Netlist sorting complete. Time (s): cpu = 00:00:00.02 ; elapsed = 00:00:00.02 . Memory (MB): peak = 4030.168 ; gain = 0.000 ; free physical = 11154 ; free virtual = 26284
INFO: [Netlist 29-17] Analyzing 2 Unisim elements for replacement
INFO: [Netlist 29-28] Unisim Transformation completed in 0 CPU seconds
INFO: [Project 1-570] Preparing netlist for logic optimization
INFO: [Opt 31-138] Pushed 0 inverter(s) to 0 load pin(s).
Netlist sorting complete. Time (s): cpu = 00:00:00 ; elapsed = 00:00:00 . Memory (MB): peak = 4030.168 ; gain = 0.000 ; free physical = 11237 ; free virtual = 26366
INFO: [Project 1-111] Unisim Transformation Summary:
  A total of 2 instances were transformed.
  IOBUF => IOBUF (IBUFCTRL, INBUF, OBUFT): 2 instances

Synth Design complete | Checksum: 242171d7
INFO: [Common 17-83] Releasing license: Vivado_Synthesis
52 Infos, 130 Warnings, 0 Critical Warnings and 0 Errors encountered.
synth_design completed successfully
synth_design: Time (s): cpu = 00:02:18 ; elapsed = 00:02:12 . Memory (MB): peak = 4030.168 ; gain = 2263.645 ; free physical = 11268 ; free virtual = 26383
INFO: [Common 17-2834] synth_design peak Physical Memory [PSS] (MB): overall = 3097.979; main = 2870.346; forked = 229.235
INFO: [Common 17-2834] synth_design peak Virtual Memory [VSS] (MB): overall = 5059.961; main = 4030.168; forked = 1029.793
Write ShapeDB Complete: Time (s): cpu = 00:00:00.01 ; elapsed = 00:00:00 . Memory (MB): peak = 4030.168 ; gain = 0.000 ; free physical = 11260 ; free virtual = 26387
INFO: [Common 17-1381] The checkpoint '/home/lachlan/multicam-kria-k26/build-hw/myproj/project_1.runs/synth_1/design_1_wrapper.dcp' has been generated.
INFO: [Vivado 12-24828] Executing command : report_utilization -file design_1_wrapper_utilization_synth.rpt -pb design_1_wrapper_utilization_synth.pb
INFO: [Common 17-206] Exiting Vivado at Wed Aug 19 12:18:09 2026...
[Wed Aug 19 12:18:15 2026] synth_1 finished
wait_on_runs: Time (s): cpu = 02:06:19 ; elapsed = 00:32:01 . Memory (MB): peak = 3058.500 ; gain = 0.000 ; free physical = 14184 ; free virtual = 29314
# if {![string match "*Complete*" [get_property STATUS [get_runs synth_1]]]} {
#     error "synthesis failed: [get_property STATUS [get_runs synth_1]]"
# }
# launch_runs impl_1 -to_step write_bitstream -jobs $jobs
[Wed Aug 19 12:18:37 2026] Launched impl_1...
Run output will be captured here: /home/lachlan/multicam-kria-k26/build-hw/myproj/project_1.runs/impl_1/runme.log
launch_runs: Time (s): cpu = 00:00:20 ; elapsed = 00:00:21 . Memory (MB): peak = 3066.504 ; gain = 8.004 ; free physical = 13769 ; free virtual = 28887
# wait_on_run impl_1
[Wed Aug 19 12:18:37 2026] Waiting for impl_1 to finish...

*** Running vivado
    with args -log design_1_wrapper.vdi -applog -m64 -product Vivado -messageDb vivado.pb -mode batch -source design_1_wrapper.tcl -notrace

INFO: [Common 17-3922] A valid Vivado Design Suite BASIC license has been detected. Your current license is active and will expire on 17-jul-2027.
#-----------------------------------------------------------
# Vivado v2026.1 (64-bit)
# SW Build 6511674 on Tue Jun 16 11:01:26 MDT 2026
# IP Build 6504888 on Tue Jun 09 09:05:25 MDT 2026
# SharedData Build 6501428 on Mon Jun 08 17:34:18 MDT 2026
# Start of session at: Wed Aug 19 12:18:52 2026
# Process ID         : 298097
# Current directory  : /home/lachlan/multicam-kria-k26/build-hw/myproj/project_1.runs/impl_1
# Command line       : vivado -log design_1_wrapper.vdi -applog -product Vivado -messageDb vivado.pb -mode batch -source design_1_wrapper.tcl -notrace
# Log file           : /home/lachlan/multicam-kria-k26/build-hw/myproj/project_1.runs/impl_1/design_1_wrapper.vdi
# Journal file       : /home/lachlan/multicam-kria-k26/build-hw/myproj/project_1.runs/impl_1/vivado.jou
# Running On         : lpdeb
# Platform           : Debian
# Operating System   : Debian GNU/Linux 13 (trixie)
# Processor Detail   : Intel(R) Core(TM) i7-9750H CPU @ 2.60GHz
# CPU Frequency      : 899.997 MHz
# CPU Physical cores : 6
# CPU Logical cores  : 12
# Host memory        : 33284 MB
# Swap memory        : 13143 MB
# Total Virtual      : 46428 MB
# Available Virtual  : 30827 MB
#-----------------------------------------------------------

****** Vivado v2026.1 (64-bit)
  **** SW Build 6511674 on Tue Jun 16 11:01:26 MDT 2026
  **** IP Build 6504888 on Tue Jun 09 09:05:25 MDT 2026
  **** SharedData Build 6501428 on Mon Jun 08 17:34:18 MDT 2026
  **** Start of session at: Wed Aug 19 12:18:52 2026
    ** Copyright 1986-2022 Xilinx, Inc. All Rights Reserved.
    ** Copyright 2022-2026 Advanced Micro Devices, Inc. All Rights Reserved.

source design_1_wrapper.tcl -notrace
create_project: Time (s): cpu = 00:01:13 ; elapsed = 00:00:12 . Memory (MB): peak = 1713.387 ; gain = 273.055 ; free physical = 13854 ; free virtual = 28967
INFO: [IP_Flow 19-234] Refreshing IP repositories
INFO: [IP_Flow 19-1704] No user IP repositories specified
INFO: [IP_Flow 19-2313] Loaded Vivado IP repository '/home/lachlan/vivado/2026.1/data/ip'.
add_files: Time (s): cpu = 00:00:35 ; elapsed = 00:00:36 . Memory (MB): peak = 1769.551 ; gain = 56.164 ; free physical = 13147 ; free virtual = 28331
Command: link_design -top design_1_wrapper -part xck26-sfvc784-2LV-c
Design is defaulting to srcset: sources_1
Design is defaulting to constrset: constrs_1
INFO: [Device 21-403] Loading part xck26-sfvc784-2LV-c
INFO: [Project 1-5699] Read binary netlist with skipMacroContent - 1
INFO: [Project 1-454] Reading design checkpoint '/home/lachlan/multicam-kria-k26/build-hw/myproj/project_1.gen/sources_1/bd/design_1/ip/design_1_axi_iic_0_0/design_1_axi_iic_0_0.dcp' for cell 'design_1_i/axi_iic_0'
INFO: [Project 1-454] Reading design checkpoint '/home/lachlan/multicam-kria-k26/build-hw/myproj/project_1.gen/sources_1/bd/design_1/ip/design_1_axi_smc_0/design_1_axi_smc_0.dcp' for cell 'design_1_i/axi_smc'
INFO: [Project 1-454] Reading design checkpoint '/home/lachlan/multicam-kria-k26/build-hw/myproj/project_1.gen/sources_1/bd/design_1/ip/design_1_mipi_csi2_rx_subsyst_0_0/design_1_mipi_csi2_rx_subsyst_0_0.dcp' for cell 'design_1_i/mipi_csi2_rx_subsyst_0'
INFO: [Project 1-454] Reading design checkpoint '/home/lachlan/multicam-kria-k26/build-hw/myproj/project_1.gen/sources_1/bd/design_1/ip/design_1_rst_ps8_0_96M_0/design_1_rst_ps8_0_96M_0.dcp' for cell 'design_1_i/rst_ps8_0_96M'
INFO: [Project 1-454] Reading design checkpoint '/home/lachlan/multicam-kria-k26/build-hw/myproj/project_1.gen/sources_1/bd/design_1/ip/design_1_v_demosaic_0_0/design_1_v_demosaic_0_0.dcp' for cell 'design_1_i/v_demosaic_0'
INFO: [Project 1-454] Reading design checkpoint '/home/lachlan/multicam-kria-k26/build-hw/myproj/project_1.gen/sources_1/bd/design_1/ip/design_1_v_frmbuf_wr_0_0/design_1_v_frmbuf_wr_0_0.dcp' for cell 'design_1_i/v_frmbuf_wr_0'
INFO: [Project 1-454] Reading design checkpoint '/home/lachlan/multicam-kria-k26/build-hw/myproj/project_1.gen/sources_1/bd/design_1/ip/design_1_zynq_ultra_ps_e_0_0/design_1_zynq_ultra_ps_e_0_0.dcp' for cell 'design_1_i/zynq_ultra_ps_e_0'
INFO: [Project 1-454] Reading design checkpoint '/home/lachlan/multicam-kria-k26/build-hw/myproj/project_1.gen/sources_1/bd/design_1/ip/design_1_mipi_csi2_rx_subsyst_0_0/bd_0/ip/ip_1/bd_d10d_phy_0.dcp' for cell 'design_1_i/mipi_csi2_rx_subsyst_0/inst/phy'
INFO: [Project 1-454] Reading design checkpoint '/home/lachlan/multicam-kria-k26/build-hw/myproj/project_1.gen/sources_1/bd/design_1/ip/design_1_mipi_csi2_rx_subsyst_0_0/bd_0/ip/ip_4/bd_d10d_r_sync_0.dcp' for cell 'design_1_i/mipi_csi2_rx_subsyst_0/inst/r_sync'
INFO: [Project 1-454] Reading design checkpoint '/home/lachlan/multicam-kria-k26/build-hw/myproj/project_1.gen/sources_1/bd/design_1/ip/design_1_mipi_csi2_rx_subsyst_0_0/bd_0/ip/ip_2/bd_d10d_rx_0.dcp' for cell 'design_1_i/mipi_csi2_rx_subsyst_0/inst/rx'
INFO: [Project 1-454] Reading design checkpoint '/home/lachlan/multicam-kria-k26/build-hw/myproj/project_1.gen/sources_1/bd/design_1/ip/design_1_mipi_csi2_rx_subsyst_0_0/bd_0/ip/ip_3/bd_d10d_vfb_0_0.dcp' for cell 'design_1_i/mipi_csi2_rx_subsyst_0/inst/vfb_0'
INFO: [Project 1-454] Reading design checkpoint '/home/lachlan/multicam-kria-k26/build-hw/myproj/project_1.gen/sources_1/bd/design_1/ip/design_1_mipi_csi2_rx_subsyst_0_0/bd_0/ip/ip_0/bd_d10d_xbar_0.dcp' for cell 'design_1_i/mipi_csi2_rx_subsyst_0/inst/xbar'
Netlist sorting complete. Time (s): cpu = 00:00:02 ; elapsed = 00:00:02 . Memory (MB): peak = 2831.809 ; gain = 0.000 ; free physical = 12036 ; free virtual = 27117
INFO: [Netlist 29-17] Analyzing 1165 Unisim elements for replacement
INFO: [Netlist 29-28] Unisim Transformation completed in 3 CPU seconds
INFO: [Project 1-479] Netlist was created with Vivado 2026.1
INFO: [Project 1-570] Preparing netlist for logic optimization
Parsing XDC File [/home/lachlan/multicam-kria-k26/build-hw/myproj/project_1.gen/sources_1/bd/design_1/ip/design_1_mipi_csi2_rx_subsyst_0_0/bd_1/ip/ip_0/bd_8c14_sc_ul_0_cdc.xdc] for cell 'design_1_i/mipi_csi2_rx_subsyst_0/inst/xbar/inst/sc_ul/inst'
WARNING: [Vivado_Tcl 4-919] Waiver ID 'CDC-11' -from list should not be empty. [/home/lachlan/multicam-kria-k26/build-hw/myproj/project_1.gen/sources_1/bd/design_1/ip/design_1_mipi_csi2_rx_subsyst_0_0/bd_1/ip/ip_0/bd_8c14_sc_ul_0_cdc.xdc:24]
Finished Parsing XDC File [/home/lachlan/multicam-kria-k26/build-hw/myproj/project_1.gen/sources_1/bd/design_1/ip/design_1_mipi_csi2_rx_subsyst_0_0/bd_1/ip/ip_0/bd_8c14_sc_ul_0_cdc.xdc] for cell 'design_1_i/mipi_csi2_rx_subsyst_0/inst/xbar/inst/sc_ul/inst'
Parsing XDC File [/home/lachlan/multicam-kria-k26/build-hw/myproj/project_1.gen/sources_1/bd/design_1/ip/design_1_mipi_csi2_rx_subsyst_0_0/bd_0/ip/ip_0/smartconnect.xdc] for cell 'design_1_i/mipi_csi2_rx_subsyst_0/inst/xbar/inst'
Finished Parsing XDC File [/home/lachlan/multicam-kria-k26/build-hw/myproj/project_1.gen/sources_1/bd/design_1/ip/design_1_mipi_csi2_rx_subsyst_0_0/bd_0/ip/ip_0/smartconnect.xdc] for cell 'design_1_i/mipi_csi2_rx_subsyst_0/inst/xbar/inst'
Parsing XDC File [/home/lachlan/multicam-kria-k26/build-hw/myproj/project_1.gen/sources_1/bd/design_1/ip/design_1_mipi_csi2_rx_subsyst_0_0/bd_0/ip/ip_1/ip_0/bd_d10d_phy_0_hssio_rx.xdc] for cell 'design_1_i/mipi_csi2_rx_subsyst_0/inst/phy/inst/inst/bd_d10d_phy_0_rx_support_i/slave_rx.bd_d10d_phy_0_rx_hssio_i/inst'
create_clock: Time (s): cpu = 00:00:29 ; elapsed = 00:00:30 . Memory (MB): peak = 2919.852 ; gain = 0.000 ; free physical = 11343 ; free virtual = 26492
Finished Parsing XDC File [/home/lachlan/multicam-kria-k26/build-hw/myproj/project_1.gen/sources_1/bd/design_1/ip/design_1_mipi_csi2_rx_subsyst_0_0/bd_0/ip/ip_1/ip_0/bd_d10d_phy_0_hssio_rx.xdc] for cell 'design_1_i/mipi_csi2_rx_subsyst_0/inst/phy/inst/inst/bd_d10d_phy_0_rx_support_i/slave_rx.bd_d10d_phy_0_rx_hssio_i/inst'
Parsing XDC File [/home/lachlan/multicam-kria-k26/build-hw/myproj/project_1.gen/sources_1/bd/design_1/ip/design_1_mipi_csi2_rx_subsyst_0_0/bd_0/ip/ip_1/bd_d10d_phy_0.xdc] for cell 'design_1_i/mipi_csi2_rx_subsyst_0/inst/phy/inst'
Finished Parsing XDC File [/home/lachlan/multicam-kria-k26/build-hw/myproj/project_1.gen/sources_1/bd/design_1/ip/design_1_mipi_csi2_rx_subsyst_0_0/bd_0/ip/ip_1/bd_d10d_phy_0.xdc] for cell 'design_1_i/mipi_csi2_rx_subsyst_0/inst/phy/inst'
Parsing XDC File [/home/lachlan/multicam-kria-k26/build-hw/myproj/project_1.gen/sources_1/bd/design_1/ip/design_1_mipi_csi2_rx_subsyst_0_0/bd_0/ip/ip_4/bd_d10d_r_sync_0_board.xdc] for cell 'design_1_i/mipi_csi2_rx_subsyst_0/inst/r_sync/U0'
Finished Parsing XDC File [/home/lachlan/multicam-kria-k26/build-hw/myproj/project_1.gen/sources_1/bd/design_1/ip/design_1_mipi_csi2_rx_subsyst_0_0/bd_0/ip/ip_4/bd_d10d_r_sync_0_board.xdc] for cell 'design_1_i/mipi_csi2_rx_subsyst_0/inst/r_sync/U0'
Parsing XDC File [/home/lachlan/multicam-kria-k26/build-hw/myproj/project_1.gen/sources_1/bd/design_1/ip/design_1_mipi_csi2_rx_subsyst_0_0/design_1_mipi_csi2_rx_subsyst_0_0_board.xdc] for cell 'design_1_i/mipi_csi2_rx_subsyst_0/inst'
WARNING: [Constraints 18-1039] DIFF_TERM is not supported in Ultrascale.  Automatically translating to DIFF_TERM_ADV=TERM_100. [/home/lachlan/multicam-kria-k26/build-hw/myproj/project_1.gen/sources_1/bd/design_1/ip/design_1_mipi_csi2_rx_subsyst_0_0/design_1_mipi_csi2_rx_subsyst_0_0_board.xdc:3]
WARNING: [Constraints 18-1039] DIFF_TERM is not supported in Ultrascale.  Automatically translating to DIFF_TERM_ADV=TERM_100. [/home/lachlan/multicam-kria-k26/build-hw/myproj/project_1.gen/sources_1/bd/design_1/ip/design_1_mipi_csi2_rx_subsyst_0_0/design_1_mipi_csi2_rx_subsyst_0_0_board.xdc:4]
WARNING: [Constraints 18-1039] DIFF_TERM is not supported in Ultrascale.  Automatically translating to DIFF_TERM_ADV=TERM_100. [/home/lachlan/multicam-kria-k26/build-hw/myproj/project_1.gen/sources_1/bd/design_1/ip/design_1_mipi_csi2_rx_subsyst_0_0/design_1_mipi_csi2_rx_subsyst_0_0_board.xdc:5]
WARNING: [Constraints 18-1039] DIFF_TERM is not supported in Ultrascale.  Automatically translating to DIFF_TERM_ADV=TERM_100. [/home/lachlan/multicam-kria-k26/build-hw/myproj/project_1.gen/sources_1/bd/design_1/ip/design_1_mipi_csi2_rx_subsyst_0_0/design_1_mipi_csi2_rx_subsyst_0_0_board.xdc:7]
WARNING: [Constraints 18-1039] DIFF_TERM is not supported in Ultrascale.  Automatically translating to DIFF_TERM_ADV=TERM_100. [/home/lachlan/multicam-kria-k26/build-hw/myproj/project_1.gen/sources_1/bd/design_1/ip/design_1_mipi_csi2_rx_subsyst_0_0/design_1_mipi_csi2_rx_subsyst_0_0_board.xdc:9]
WARNING: [Constraints 18-1039] DIFF_TERM is not supported in Ultrascale.  Automatically translating to DIFF_TERM_ADV=TERM_100. [/home/lachlan/multicam-kria-k26/build-hw/myproj/project_1.gen/sources_1/bd/design_1/ip/design_1_mipi_csi2_rx_subsyst_0_0/design_1_mipi_csi2_rx_subsyst_0_0_board.xdc:11]
Finished Parsing XDC File [/home/lachlan/multicam-kria-k26/build-hw/myproj/project_1.gen/sources_1/bd/design_1/ip/design_1_mipi_csi2_rx_subsyst_0_0/design_1_mipi_csi2_rx_subsyst_0_0_board.xdc] for cell 'design_1_i/mipi_csi2_rx_subsyst_0/inst'
Parsing XDC File [/home/lachlan/multicam-kria-k26/build-hw/myproj/project_1.gen/sources_1/bd/design_1/ip/design_1_zynq_ultra_ps_e_0_0/design_1_zynq_ultra_ps_e_0_0.xdc] for cell 'design_1_i/zynq_ultra_ps_e_0/inst'
Finished Parsing XDC File [/home/lachlan/multicam-kria-k26/build-hw/myproj/project_1.gen/sources_1/bd/design_1/ip/design_1_zynq_ultra_ps_e_0_0/design_1_zynq_ultra_ps_e_0_0.xdc] for cell 'design_1_i/zynq_ultra_ps_e_0/inst'
Parsing XDC File [/home/lachlan/multicam-kria-k26/build-hw/myproj/project_1.gen/sources_1/bd/design_1/ip/design_1_axi_smc_0/bd_0/ip/ip_1/bd_afc3_psr_aclk_0_board.xdc] for cell 'design_1_i/axi_smc/inst/clk_map/psr_aclk/U0'
Finished Parsing XDC File [/home/lachlan/multicam-kria-k26/build-hw/myproj/project_1.gen/sources_1/bd/design_1/ip/design_1_axi_smc_0/bd_0/ip/ip_1/bd_afc3_psr_aclk_0_board.xdc] for cell 'design_1_i/axi_smc/inst/clk_map/psr_aclk/U0'
Parsing XDC File [/home/lachlan/multicam-kria-k26/build-hw/myproj/project_1.gen/sources_1/bd/design_1/ip/design_1_axi_smc_0/smartconnect.xdc] for cell 'design_1_i/axi_smc/inst'
Finished Parsing XDC File [/home/lachlan/multicam-kria-k26/build-hw/myproj/project_1.gen/sources_1/bd/design_1/ip/design_1_axi_smc_0/smartconnect.xdc] for cell 'design_1_i/axi_smc/inst'
Parsing XDC File [/home/lachlan/multicam-kria-k26/build-hw/myproj/project_1.gen/sources_1/bd/design_1/ip/design_1_rst_ps8_0_96M_0/design_1_rst_ps8_0_96M_0_board.xdc] for cell 'design_1_i/rst_ps8_0_96M/U0'
Finished Parsing XDC File [/home/lachlan/multicam-kria-k26/build-hw/myproj/project_1.gen/sources_1/bd/design_1/ip/design_1_rst_ps8_0_96M_0/design_1_rst_ps8_0_96M_0_board.xdc] for cell 'design_1_i/rst_ps8_0_96M/U0'
Parsing XDC File [/home/lachlan/multicam-kria-k26/build-hw/myproj/project_1.gen/sources_1/bd/design_1/ip/design_1_axi_iic_0_0/design_1_axi_iic_0_0_board.xdc] for cell 'design_1_i/axi_iic_0/U0'
Finished Parsing XDC File [/home/lachlan/multicam-kria-k26/build-hw/myproj/project_1.gen/sources_1/bd/design_1/ip/design_1_axi_iic_0_0/design_1_axi_iic_0_0_board.xdc] for cell 'design_1_i/axi_iic_0/U0'
Parsing XDC File [/home/lachlan/multicam-kria-k26/hardware/constrs_1.xdc]
Finished Parsing XDC File [/home/lachlan/multicam-kria-k26/hardware/constrs_1.xdc]
Parsing XDC File [/home/lachlan/multicam-kria-k26/build-hw/myproj/project_1.gen/sources_1/bd/design_1/ip/design_1_mipi_csi2_rx_subsyst_0_0/bd_0/ip/ip_1/bd_d10d_phy_0_clocks.xdc] for cell 'design_1_i/mipi_csi2_rx_subsyst_0/inst/phy/inst'
Finished Parsing XDC File [/home/lachlan/multicam-kria-k26/build-hw/myproj/project_1.gen/sources_1/bd/design_1/ip/design_1_mipi_csi2_rx_subsyst_0_0/bd_0/ip/ip_1/bd_d10d_phy_0_clocks.xdc] for cell 'design_1_i/mipi_csi2_rx_subsyst_0/inst/phy/inst'
Parsing XDC File [/home/lachlan/multicam-kria-k26/build-hw/myproj/project_1.gen/sources_1/bd/design_1/ip/design_1_mipi_csi2_rx_subsyst_0_0/design_1_mipi_csi2_rx_subsyst_0_0_fixed_impl.xdc] for cell 'design_1_i/mipi_csi2_rx_subsyst_0/inst'
Finished Parsing XDC File [/home/lachlan/multicam-kria-k26/build-hw/myproj/project_1.gen/sources_1/bd/design_1/ip/design_1_mipi_csi2_rx_subsyst_0_0/design_1_mipi_csi2_rx_subsyst_0_0_fixed_impl.xdc] for cell 'design_1_i/mipi_csi2_rx_subsyst_0/inst'
Parsing XDC File [/home/lachlan/multicam-kria-k26/build-hw/myproj/project_1.gen/sources_1/bd/design_1/ip/design_1_v_frmbuf_wr_0_0/design_1_v_frmbuf_wr_0_0.xdc] for cell 'design_1_i/v_frmbuf_wr_0/inst'
Finished Parsing XDC File [/home/lachlan/multicam-kria-k26/build-hw/myproj/project_1.gen/sources_1/bd/design_1/ip/design_1_v_frmbuf_wr_0_0/design_1_v_frmbuf_wr_0_0.xdc] for cell 'design_1_i/v_frmbuf_wr_0/inst'
Parsing XDC File [/home/lachlan/multicam-kria-k26/build-hw/myproj/project_1.gen/sources_1/bd/design_1/ip/design_1_v_demosaic_0_0/design_1_v_demosaic_0_0.xdc] for cell 'design_1_i/v_demosaic_0/inst'
WARNING: [Vivado_Tcl 4-921] Waiver ID 'CDC-11' -to list should not be empty. [/home/lachlan/multicam-kria-k26/build-hw/myproj/project_1.gen/sources_1/bd/design_1/ip/design_1_v_demosaic_0_0/design_1_v_demosaic_0_0.xdc:12]
Finished Parsing XDC File [/home/lachlan/multicam-kria-k26/build-hw/myproj/project_1.gen/sources_1/bd/design_1/ip/design_1_v_demosaic_0_0/design_1_v_demosaic_0_0.xdc] for cell 'design_1_i/v_demosaic_0/inst'
WARNING: [XPM_CDC_ARRAY_SINGLE: TCL-1000] The source and destination clocks are the same. 
     Instance: design_1_i/mipi_csi2_rx_subsyst_0/inst/rx/mipi_csi2_rx_ctrl_v1_0_16_top_dut/AXI_LITE.isr_cdc/xpm_array_single_05 
  This will add unnecessary latency to the design. Please check the design for the following: 
 1) Manually instantiated XPM_CDC modules: AMD recommends that you remove these modules. 
 2) AMD IP that contains XPM_CDC modules: Verify the connections to the IP to determine whether you can safely ignore this message.
 [/home/lachlan/vivado/2026.1/data/ip/xpm/xpm_cdc/tcl/xpm_cdc_array_single.tcl:5]
WARNING: [XPM_CDC_ARRAY_SINGLE: TCL-1000] The source and destination clocks are the same. 
     Instance: design_1_i/mipi_csi2_rx_subsyst_0/inst/rx/mipi_csi2_rx_ctrl_v1_0_16_top_dut/AXI_LITE.reg_inf/xpm_array_single_01 
  This will add unnecessary latency to the design. Please check the design for the following: 
 1) Manually instantiated XPM_CDC modules: AMD recommends that you remove these modules. 
 2) AMD IP that contains XPM_CDC modules: Verify the connections to the IP to determine whether you can safely ignore this message.
 [/home/lachlan/vivado/2026.1/data/ip/xpm/xpm_cdc/tcl/xpm_cdc_array_single.tcl:5]
WARNING: [XPM_CDC_GRAY: TCL-1000] The source and destination clocks are the same. 
     Instance: design_1_i/mipi_csi2_rx_subsyst_0/inst/rx/mipi_csi2_rx_ctrl_v1_0_16_top_dut/AXI_LITE.reg_inf/gen_spkt_fifo/generic_pkt/gnuram_async_fifo.xpm_fifo_base_inst/gen_cdc_pntr.wr_pntr_cdc_inst 
  This will add unnecessary latency to the design. Please check the design for the following: 
 1) Manually instantiated XPM_CDC modules: AMD recommends that you remove these modules. 
 2) AMD IP that contains XPM_CDC modules: Verify the connections to the IP to determine whether you can safely ignore this message.
 [/home/lachlan/vivado/2026.1/data/ip/xpm/xpm_cdc/tcl/xpm_cdc_gray.tcl:16]
WARNING: [XPM_CDC_GRAY: TCL-1000] The source and destination clocks are the same. 
     Instance: design_1_i/mipi_csi2_rx_subsyst_0/inst/rx/mipi_csi2_rx_ctrl_v1_0_16_top_dut/AXI_LITE.reg_inf/gen_spkt_fifo/generic_pkt/gnuram_async_fifo.xpm_fifo_base_inst/gen_cdc_pntr.rd_pntr_cdc_inst 
  This will add unnecessary latency to the design. Please check the design for the following: 
 1) Manually instantiated XPM_CDC modules: AMD recommends that you remove these modules. 
 2) AMD IP that contains XPM_CDC modules: Verify the connections to the IP to determine whether you can safely ignore this message.
 [/home/lachlan/vivado/2026.1/data/ip/xpm/xpm_cdc/tcl/xpm_cdc_gray.tcl:16]
WARNING: [XPM_CDC_GRAY: TCL-1000] The source and destination clocks are the same. 
     Instance: design_1_i/mipi_csi2_rx_subsyst_0/inst/rx/mipi_csi2_rx_ctrl_v1_0_16_top_dut/AXI_LITE.reg_inf/gen_spkt_fifo/generic_pkt/gnuram_async_fifo.xpm_fifo_base_inst/gen_cdc_pntr.wr_pntr_cdc_dc_inst 
  This will add unnecessary latency to the design. Please check the design for the following: 
 1) Manually instantiated XPM_CDC modules: AMD recommends that you remove these modules. 
 2) AMD IP that contains XPM_CDC modules: Verify the connections to the IP to determine whether you can safely ignore this message.
 [/home/lachlan/vivado/2026.1/data/ip/xpm/xpm_cdc/tcl/xpm_cdc_gray.tcl:16]
WARNING: [XPM_CDC_GRAY: TCL-1000] The source and destination clocks are the same. 
     Instance: design_1_i/mipi_csi2_rx_subsyst_0/inst/rx/mipi_csi2_rx_ctrl_v1_0_16_top_dut/AXI_LITE.reg_inf/gen_spkt_fifo/generic_pkt/gnuram_async_fifo.xpm_fifo_base_inst/gen_cdc_pntr.rd_pntr_cdc_dc_inst 
  This will add unnecessary latency to the design. Please check the design for the following: 
 1) Manually instantiated XPM_CDC modules: AMD recommends that you remove these modules. 
 2) AMD IP that contains XPM_CDC modules: Verify the connections to the IP to determine whether you can safely ignore this message.
 [/home/lachlan/vivado/2026.1/data/ip/xpm/xpm_cdc/tcl/xpm_cdc_gray.tcl:16]
WARNING: [XPM_CDC_HANDSHAKE: TCL-1000] The source and destination clocks are the same. 
     Instance: design_1_i/mipi_csi2_rx_subsyst_0/inst/rx/mipi_csi2_rx_ctrl_v1_0_16_top_dut/AXI_LITE.isr_cdc/HSC2R_CDC[44].hsc2r_bus_cdc 
  This will add unnecessary latency to the design. Please check the design for the following: 
 1) Manually instantiated XPM_CDC modules: AMD recommends that you remove these modules. 
 2) AMD IP that contains XPM_CDC modules: Verify the connections to the IP to determine whether you can safely ignore this message.
 [/home/lachlan/vivado/2026.1/data/ip/xpm/xpm_cdc/tcl/xpm_cdc_handshake.tcl:19]
WARNING: [XPM_CDC_HANDSHAKE: TCL-1000] The source and destination clocks are the same. 
     Instance: design_1_i/mipi_csi2_rx_subsyst_0/inst/rx/mipi_csi2_rx_ctrl_v1_0_16_top_dut/AXI_LITE.isr_cdc/HSC2R_CDC[0].hsc2r_bus_cdc 
  This will add unnecessary latency to the design. Please check the design for the following: 
 1) Manually instantiated XPM_CDC modules: AMD recommends that you remove these modules. 
 2) AMD IP that contains XPM_CDC modules: Verify the connections to the IP to determine whether you can safely ignore this message.
 [/home/lachlan/vivado/2026.1/data/ip/xpm/xpm_cdc/tcl/xpm_cdc_handshake.tcl:19]
WARNING: [XPM_CDC_HANDSHAKE: TCL-1000] The source and destination clocks are the same. 
     Instance: design_1_i/mipi_csi2_rx_subsyst_0/inst/rx/mipi_csi2_rx_ctrl_v1_0_16_top_dut/AXI_LITE.isr_cdc/HSC2R_CDC[9].hsc2r_bus_cdc 
  This will add unnecessary latency to the design. Please check the design for the following: 
 1) Manually instantiated XPM_CDC modules: AMD recommends that you remove these modules. 
 2) AMD IP that contains XPM_CDC modules: Verify the connections to the IP to determine whether you can safely ignore this message.
 [/home/lachlan/vivado/2026.1/data/ip/xpm/xpm_cdc/tcl/xpm_cdc_handshake.tcl:19]
WARNING: [XPM_CDC_HANDSHAKE: TCL-1000] The source and destination clocks are the same. 
     Instance: design_1_i/mipi_csi2_rx_subsyst_0/inst/rx/mipi_csi2_rx_ctrl_v1_0_16_top_dut/AXI_LITE.isr_cdc/HSC2R_CDC[10].hsc2r_bus_cdc 
  This will add unnecessary latency to the design. Please check the design for the following: 
 1) Manually instantiated XPM_CDC modules: AMD recommends that you remove these modules. 
 2) AMD IP that contains XPM_CDC modules: Verify the connections to the IP to determine whether you can safely ignore this message.
 [/home/lachlan/vivado/2026.1/data/ip/xpm/xpm_cdc/tcl/xpm_cdc_handshake.tcl:19]
WARNING: [XPM_CDC_HANDSHAKE: TCL-1000] The source and destination clocks are the same. 
     Instance: design_1_i/mipi_csi2_rx_subsyst_0/inst/rx/mipi_csi2_rx_ctrl_v1_0_16_top_dut/AXI_LITE.isr_cdc/HSC2R_CDC[11].hsc2r_bus_cdc 
  This will add unnecessary latency to the design. Please check the design for the following: 
 1) Manually instantiated XPM_CDC modules: AMD recommends that you remove these modules. 
 2) AMD IP that contains XPM_CDC modules: Verify the connections to the IP to determine whether you can safely ignore this message.
 [/home/lachlan/vivado/2026.1/data/ip/xpm/xpm_cdc/tcl/xpm_cdc_handshake.tcl:19]
WARNING: [XPM_CDC_HANDSHAKE: TCL-1000] The source and destination clocks are the same. 
     Instance: design_1_i/mipi_csi2_rx_subsyst_0/inst/rx/mipi_csi2_rx_ctrl_v1_0_16_top_dut/AXI_LITE.isr_cdc/HSC2R_CDC[12].hsc2r_bus_cdc 
  This will add unnecessary latency to the design. Please check the design for the following: 
 1) Manually instantiated XPM_CDC modules: AMD recommends that you remove these modules. 
 2) AMD IP that contains XPM_CDC modules: Verify the connections to the IP to determine whether you can safely ignore this message.
 [/home/lachlan/vivado/2026.1/data/ip/xpm/xpm_cdc/tcl/xpm_cdc_handshake.tcl:19]
WARNING: [XPM_CDC_HANDSHAKE: TCL-1000] The source and destination clocks are the same. 
     Instance: design_1_i/mipi_csi2_rx_subsyst_0/inst/rx/mipi_csi2_rx_ctrl_v1_0_16_top_dut/AXI_LITE.isr_cdc/HSC2R_CDC[13].hsc2r_bus_cdc 
  This will add unnecessary latency to the design. Please check the design for the following: 
 1) Manually instantiated XPM_CDC modules: AMD recommends that you remove these modules. 
 2) AMD IP that contains XPM_CDC modules: Verify the connections to the IP to determine whether you can safely ignore this message.
 [/home/lachlan/vivado/2026.1/data/ip/xpm/xpm_cdc/tcl/xpm_cdc_handshake.tcl:19]
WARNING: [XPM_CDC_HANDSHAKE: TCL-1000] The source and destination clocks are the same. 
     Instance: design_1_i/mipi_csi2_rx_subsyst_0/inst/rx/mipi_csi2_rx_ctrl_v1_0_16_top_dut/AXI_LITE.isr_cdc/HSC2R_CDC[14].hsc2r_bus_cdc 
  This will add unnecessary latency to the design. Please check the design for the following: 
 1) Manually instantiated XPM_CDC modules: AMD recommends that you remove these modules. 
 2) AMD IP that contains XPM_CDC modules: Verify the connections to the IP to determine whether you can safely ignore this message.
 [/home/lachlan/vivado/2026.1/data/ip/xpm/xpm_cdc/tcl/xpm_cdc_handshake.tcl:19]
WARNING: [XPM_CDC_HANDSHAKE: TCL-1000] The source and destination clocks are the same. 
     Instance: design_1_i/mipi_csi2_rx_subsyst_0/inst/rx/mipi_csi2_rx_ctrl_v1_0_16_top_dut/AXI_LITE.isr_cdc/HSC2R_CDC[15].hsc2r_bus_cdc 
  This will add unnecessary latency to the design. Please check the design for the following: 
 1) Manually instantiated XPM_CDC modules: AMD recommends that you remove these modules. 
 2) AMD IP that contains XPM_CDC modules: Verify the connections to the IP to determine whether you can safely ignore this message.
 [/home/lachlan/vivado/2026.1/data/ip/xpm/xpm_cdc/tcl/xpm_cdc_handshake.tcl:19]
WARNING: [XPM_CDC_HANDSHAKE: TCL-1000] The source and destination clocks are the same. 
     Instance: design_1_i/mipi_csi2_rx_subsyst_0/inst/rx/mipi_csi2_rx_ctrl_v1_0_16_top_dut/AXI_LITE.isr_cdc/HSC2R_CDC[16].hsc2r_bus_cdc 
  This will add unnecessary latency to the design. Please check the design for the following: 
 1) Manually instantiated XPM_CDC modules: AMD recommends that you remove these modules. 
 2) AMD IP that contains XPM_CDC modules: Verify the connections to the IP to determine whether you can safely ignore this message.
 [/home/lachlan/vivado/2026.1/data/ip/xpm/xpm_cdc/tcl/xpm_cdc_handshake.tcl:19]
WARNING: [XPM_CDC_HANDSHAKE: TCL-1000] The source and destination clocks are the same. 
     Instance: design_1_i/mipi_csi2_rx_subsyst_0/inst/rx/mipi_csi2_rx_ctrl_v1_0_16_top_dut/AXI_LITE.isr_cdc/HSC2R_CDC[17].hsc2r_bus_cdc 
  This will add unnecessary latency to the design. Please check the design for the following: 
 1) Manually instantiated XPM_CDC modules: AMD recommends that you remove these modules. 
 2) AMD IP that contains XPM_CDC modules: Verify the connections to the IP to determine whether you can safely ignore this message.
 [/home/lachlan/vivado/2026.1/data/ip/xpm/xpm_cdc/tcl/xpm_cdc_handshake.tcl:19]
WARNING: [XPM_CDC_HANDSHAKE: TCL-1000] The source and destination clocks are the same. 
     Instance: design_1_i/mipi_csi2_rx_subsyst_0/inst/rx/mipi_csi2_rx_ctrl_v1_0_16_top_dut/AXI_LITE.isr_cdc/HSC2R_CDC[18].hsc2r_bus_cdc 
  This will add unnecessary latency to the design. Please check the design for the following: 
 1) Manually instantiated XPM_CDC modules: AMD recommends that you remove these modules. 
 2) AMD IP that contains XPM_CDC modules: Verify the connections to the IP to determine whether you can safely ignore this message.
 [/home/lachlan/vivado/2026.1/data/ip/xpm/xpm_cdc/tcl/xpm_cdc_handshake.tcl:19]
WARNING: [XPM_CDC_HANDSHAKE: TCL-1000] The source and destination clocks are the same. 
     Instance: design_1_i/mipi_csi2_rx_subsyst_0/inst/rx/mipi_csi2_rx_ctrl_v1_0_16_top_dut/AXI_LITE.isr_cdc/HSC2R_CDC[1].hsc2r_bus_cdc 
  This will add unnecessary latency to the design. Please check the design for the following: 
 1) Manually instantiated XPM_CDC modules: AMD recommends that you remove these modules. 
 2) AMD IP that contains XPM_CDC modules: Verify the connections to the IP to determine whether you can safely ignore this message.
 [/home/lachlan/vivado/2026.1/data/ip/xpm/xpm_cdc/tcl/xpm_cdc_handshake.tcl:19]
WARNING: [XPM_CDC_HANDSHAKE: TCL-1000] The source and destination clocks are the same. 
     Instance: design_1_i/mipi_csi2_rx_subsyst_0/inst/rx/mipi_csi2_rx_ctrl_v1_0_16_top_dut/AXI_LITE.isr_cdc/HSC2R_CDC[19].hsc2r_bus_cdc 
  This will add unnecessary latency to the design. Please check the design for the following: 
 1) Manually instantiated XPM_CDC modules: AMD recommends that you remove these modules. 
 2) AMD IP that contains XPM_CDC modules: Verify the connections to the IP to determine whether you can safely ignore this message.
 [/home/lachlan/vivado/2026.1/data/ip/xpm/xpm_cdc/tcl/xpm_cdc_handshake.tcl:19]
WARNING: [XPM_CDC_HANDSHAKE: TCL-1000] The source and destination clocks are the same. 
     Instance: design_1_i/mipi_csi2_rx_subsyst_0/inst/rx/mipi_csi2_rx_ctrl_v1_0_16_top_dut/AXI_LITE.isr_cdc/HSC2R_CDC[20].hsc2r_bus_cdc 
  This will add unnecessary latency to the design. Please check the design for the following: 
 1) Manually instantiated XPM_CDC modules: AMD recommends that you remove these modules. 
 2) AMD IP that contains XPM_CDC modules: Verify the connections to the IP to determine whether you can safely ignore this message.
 [/home/lachlan/vivado/2026.1/data/ip/xpm/xpm_cdc/tcl/xpm_cdc_handshake.tcl:19]
WARNING: [XPM_CDC_HANDSHAKE: TCL-1000] The source and destination clocks are the same. 
     Instance: design_1_i/mipi_csi2_rx_subsyst_0/inst/rx/mipi_csi2_rx_ctrl_v1_0_16_top_dut/AXI_LITE.isr_cdc/HSC2R_CDC[21].hsc2r_bus_cdc 
  This will add unnecessary latency to the design. Please check the design for the following: 
 1) Manually instantiated XPM_CDC modules: AMD recommends that you remove these modules. 
 2) AMD IP that contains XPM_CDC modules: Verify the connections to the IP to determine whether you can safely ignore this message.
 [/home/lachlan/vivado/2026.1/data/ip/xpm/xpm_cdc/tcl/xpm_cdc_handshake.tcl:19]
WARNING: [XPM_CDC_HANDSHAKE: TCL-1000] The source and destination clocks are the same. 
     Instance: design_1_i/mipi_csi2_rx_subsyst_0/inst/rx/mipi_csi2_rx_ctrl_v1_0_16_top_dut/AXI_LITE.isr_cdc/HSC2R_CDC[22].hsc2r_bus_cdc 
  This will add unnecessary latency to the design. Please check the design for the following: 
 1) Manually instantiated XPM_CDC modules: AMD recommends that you remove these modules. 
 2) AMD IP that contains XPM_CDC modules: Verify the connections to the IP to determine whether you can safely ignore this message.
 [/home/lachlan/vivado/2026.1/data/ip/xpm/xpm_cdc/tcl/xpm_cdc_handshake.tcl:19]
WARNING: [XPM_CDC_HANDSHAKE: TCL-1000] The source and destination clocks are the same. 
     Instance: design_1_i/mipi_csi2_rx_subsyst_0/inst/rx/mipi_csi2_rx_ctrl_v1_0_16_top_dut/AXI_LITE.isr_cdc/HSC2R_CDC[23].hsc2r_bus_cdc 
  This will add unnecessary latency to the design. Please check the design for the following: 
 1) Manually instantiated XPM_CDC modules: AMD recommends that you remove these modules. 
 2) AMD IP that contains XPM_CDC modules: Verify the connections to the IP to determine whether you can safely ignore this message.
 [/home/lachlan/vivado/2026.1/data/ip/xpm/xpm_cdc/tcl/xpm_cdc_handshake.tcl:19]
WARNING: [XPM_CDC_HANDSHAKE: TCL-1000] The source and destination clocks are the same. 
     Instance: design_1_i/mipi_csi2_rx_subsyst_0/inst/rx/mipi_csi2_rx_ctrl_v1_0_16_top_dut/AXI_LITE.isr_cdc/HSC2R_CDC[24].hsc2r_bus_cdc 
  This will add unnecessary latency to the design. Please check the design for the following: 
 1) Manually instantiated XPM_CDC modules: AMD recommends that you remove these modules. 
 2) AMD IP that contains XPM_CDC modules: Verify the connections to the IP to determine whether you can safely ignore this message.
 [/home/lachlan/vivado/2026.1/data/ip/xpm/xpm_cdc/tcl/xpm_cdc_handshake.tcl:19]
WARNING: [XPM_CDC_HANDSHAKE: TCL-1000] The source and destination clocks are the same. 
     Instance: design_1_i/mipi_csi2_rx_subsyst_0/inst/rx/mipi_csi2_rx_ctrl_v1_0_16_top_dut/AXI_LITE.isr_cdc/HSC2R_CDC[25].hsc2r_bus_cdc 
  This will add unnecessary latency to the design. Please check the design for the following: 
 1) Manually instantiated XPM_CDC modules: AMD recommends that you remove these modules. 
 2) AMD IP that contains XPM_CDC modules: Verify the connections to the IP to determine whether you can safely ignore this message.
 [/home/lachlan/vivado/2026.1/data/ip/xpm/xpm_cdc/tcl/xpm_cdc_handshake.tcl:19]
WARNING: [XPM_CDC_HANDSHAKE: TCL-1000] The source and destination clocks are the same. 
     Instance: design_1_i/mipi_csi2_rx_subsyst_0/inst/rx/mipi_csi2_rx_ctrl_v1_0_16_top_dut/AXI_LITE.isr_cdc/HSC2R_CDC[26].hsc2r_bus_cdc 
  This will add unnecessary latency to the design. Please check the design for the following: 
 1) Manually instantiated XPM_CDC modules: AMD recommends that you remove these modules. 
 2) AMD IP that contains XPM_CDC modules: Verify the connections to the IP to determine whether you can safely ignore this message.
 [/home/lachlan/vivado/2026.1/data/ip/xpm/xpm_cdc/tcl/xpm_cdc_handshake.tcl:19]
WARNING: [XPM_CDC_HANDSHAKE: TCL-1000] The source and destination clocks are the same. 
     Instance: design_1_i/mipi_csi2_rx_subsyst_0/inst/rx/mipi_csi2_rx_ctrl_v1_0_16_top_dut/AXI_LITE.isr_cdc/HSC2R_CDC[27].hsc2r_bus_cdc 
  This will add unnecessary latency to the design. Please check the design for the following: 
 1) Manually instantiated XPM_CDC modules: AMD recommends that you remove these modules. 
 2) AMD IP that contains XPM_CDC modules: Verify the connections to the IP to determine whether you can safely ignore this message.
 [/home/lachlan/vivado/2026.1/data/ip/xpm/xpm_cdc/tcl/xpm_cdc_handshake.tcl:19]
WARNING: [XPM_CDC_HANDSHAKE: TCL-1000] The source and destination clocks are the same. 
     Instance: design_1_i/mipi_csi2_rx_subsyst_0/inst/rx/mipi_csi2_rx_ctrl_v1_0_16_top_dut/AXI_LITE.isr_cdc/HSC2R_CDC[28].hsc2r_bus_cdc 
  This will add unnecessary latency to the design. Please check the design for the following: 
 1) Manually instantiated XPM_CDC modules: AMD recommends that you remove these modules. 
 2) AMD IP that contains XPM_CDC modules: Verify the connections to the IP to determine whether you can safely ignore this message.
 [/home/lachlan/vivado/2026.1/data/ip/xpm/xpm_cdc/tcl/xpm_cdc_handshake.tcl:19]
WARNING: [XPM_CDC_HANDSHAKE: TCL-1000] The source and destination clocks are the same. 
     Instance: design_1_i/mipi_csi2_rx_subsyst_0/inst/rx/mipi_csi2_rx_ctrl_v1_0_16_top_dut/AXI_LITE.isr_cdc/HSC2R_CDC[2].hsc2r_bus_cdc 
  This will add unnecessary latency to the design. Please check the design for the following: 
 1) Manually instantiated XPM_CDC modules: AMD recommends that you remove these modules. 
 2) AMD IP that contains XPM_CDC modules: Verify the connections to the IP to determine whether you can safely ignore this message.
 [/home/lachlan/vivado/2026.1/data/ip/xpm/xpm_cdc/tcl/xpm_cdc_handshake.tcl:19]
WARNING: [XPM_CDC_HANDSHAKE: TCL-1000] The source and destination clocks are the same. 
     Instance: design_1_i/mipi_csi2_rx_subsyst_0/inst/rx/mipi_csi2_rx_ctrl_v1_0_16_top_dut/AXI_LITE.isr_cdc/HSC2R_CDC[29].hsc2r_bus_cdc 
  This will add unnecessary latency to the design. Please check the design for the following: 
 1) Manually instantiated XPM_CDC modules: AMD recommends that you remove these modules. 
 2) AMD IP that contains XPM_CDC modules: Verify the connections to the IP to determine whether you can safely ignore this message.
 [/home/lachlan/vivado/2026.1/data/ip/xpm/xpm_cdc/tcl/xpm_cdc_handshake.tcl:19]
WARNING: [XPM_CDC_HANDSHAKE: TCL-1000] The source and destination clocks are the same. 
     Instance: design_1_i/mipi_csi2_rx_subsyst_0/inst/rx/mipi_csi2_rx_ctrl_v1_0_16_top_dut/AXI_LITE.isr_cdc/HSC2R_CDC[30].hsc2r_bus_cdc 
  This will add unnecessary latency to the design. Please check the design for the following: 
 1) Manually instantiated XPM_CDC modules: AMD recommends that you remove these modules. 
 2) AMD IP that contains XPM_CDC modules: Verify the connections to the IP to determine whether you can safely ignore this message.
 [/home/lachlan/vivado/2026.1/data/ip/xpm/xpm_cdc/tcl/xpm_cdc_handshake.tcl:19]
WARNING: [XPM_CDC_HANDSHAKE: TCL-1000] The source and destination clocks are the same. 
     Instance: design_1_i/mipi_csi2_rx_subsyst_0/inst/rx/mipi_csi2_rx_ctrl_v1_0_16_top_dut/AXI_LITE.isr_cdc/HSC2R_CDC[31].hsc2r_bus_cdc 
  This will add unnecessary latency to the design. Please check the design for the following: 
 1) Manually instantiated XPM_CDC modules: AMD recommends that you remove these modules. 
 2) AMD IP that contains XPM_CDC modules: Verify the connections to the IP to determine whether you can safely ignore this message.
 [/home/lachlan/vivado/2026.1/data/ip/xpm/xpm_cdc/tcl/xpm_cdc_handshake.tcl:19]
WARNING: [XPM_CDC_HANDSHAKE: TCL-1000] The source and destination clocks are the same. 
     Instance: design_1_i/mipi_csi2_rx_subsyst_0/inst/rx/mipi_csi2_rx_ctrl_v1_0_16_top_dut/AXI_LITE.isr_cdc/HSC2R_CDC[32].hsc2r_bus_cdc 
  This will add unnecessary latency to the design. Please check the design for the following: 
 1) Manually instantiated XPM_CDC modules: AMD recommends that you remove these modules. 
 2) AMD IP that contains XPM_CDC modules: Verify the connections to the IP to determine whether you can safely ignore this message.
 [/home/lachlan/vivado/2026.1/data/ip/xpm/xpm_cdc/tcl/xpm_cdc_handshake.tcl:19]
WARNING: [XPM_CDC_HANDSHAKE: TCL-1000] The source and destination clocks are the same. 
     Instance: design_1_i/mipi_csi2_rx_subsyst_0/inst/rx/mipi_csi2_rx_ctrl_v1_0_16_top_dut/AXI_LITE.isr_cdc/HSC2R_CDC[33].hsc2r_bus_cdc 
  This will add unnecessary latency to the design. Please check the design for the following: 
 1) Manually instantiated XPM_CDC modules: AMD recommends that you remove these modules. 
 2) AMD IP that contains XPM_CDC modules: Verify the connections to the IP to determine whether you can safely ignore this message.
 [/home/lachlan/vivado/2026.1/data/ip/xpm/xpm_cdc/tcl/xpm_cdc_handshake.tcl:19]
WARNING: [XPM_CDC_HANDSHAKE: TCL-1000] The source and destination clocks are the same. 
     Instance: design_1_i/mipi_csi2_rx_subsyst_0/inst/rx/mipi_csi2_rx_ctrl_v1_0_16_top_dut/AXI_LITE.isr_cdc/HSC2R_CDC[34].hsc2r_bus_cdc 
  This will add unnecessary latency to the design. Please check the design for the following: 
 1) Manually instantiated XPM_CDC modules: AMD recommends that you remove these modules. 
 2) AMD IP that contains XPM_CDC modules: Verify the connections to the IP to determine whether you can safely ignore this message.
 [/home/lachlan/vivado/2026.1/data/ip/xpm/xpm_cdc/tcl/xpm_cdc_handshake.tcl:19]
WARNING: [XPM_CDC_HANDSHAKE: TCL-1000] The source and destination clocks are the same. 
     Instance: design_1_i/mipi_csi2_rx_subsyst_0/inst/rx/mipi_csi2_rx_ctrl_v1_0_16_top_dut/AXI_LITE.isr_cdc/HSC2R_CDC[35].hsc2r_bus_cdc 
  This will add unnecessary latency to the design. Please check the design for the following: 
 1) Manually instantiated XPM_CDC modules: AMD recommends that you remove these modules. 
 2) AMD IP that contains XPM_CDC modules: Verify the connections to the IP to determine whether you can safely ignore this message.
 [/home/lachlan/vivado/2026.1/data/ip/xpm/xpm_cdc/tcl/xpm_cdc_handshake.tcl:19]
WARNING: [XPM_CDC_HANDSHAKE: TCL-1000] The source and destination clocks are the same. 
     Instance: design_1_i/mipi_csi2_rx_subsyst_0/inst/rx/mipi_csi2_rx_ctrl_v1_0_16_top_dut/AXI_LITE.isr_cdc/HSC2R_CDC[36].hsc2r_bus_cdc 
  This will add unnecessary latency to the design. Please check the design for the following: 
 1) Manually instantiated XPM_CDC modules: AMD recommends that you remove these modules. 
 2) AMD IP that contains XPM_CDC modules: Verify the connections to the IP to determine whether you can safely ignore this message.
 [/home/lachlan/vivado/2026.1/data/ip/xpm/xpm_cdc/tcl/xpm_cdc_handshake.tcl:19]
WARNING: [XPM_CDC_HANDSHAKE: TCL-1000] The source and destination clocks are the same. 
     Instance: design_1_i/mipi_csi2_rx_subsyst_0/inst/rx/mipi_csi2_rx_ctrl_v1_0_16_top_dut/AXI_LITE.isr_cdc/HSC2R_CDC[37].hsc2r_bus_cdc 
  This will add unnecessary latency to the design. Please check the design for the following: 
 1) Manually instantiated XPM_CDC modules: AMD recommends that you remove these modules. 
 2) AMD IP that contains XPM_CDC modules: Verify the connections to the IP to determine whether you can safely ignore this message.
 [/home/lachlan/vivado/2026.1/data/ip/xpm/xpm_cdc/tcl/xpm_cdc_handshake.tcl:19]
WARNING: [XPM_CDC_HANDSHAKE: TCL-1000] The source and destination clocks are the same. 
     Instance: design_1_i/mipi_csi2_rx_subsyst_0/inst/rx/mipi_csi2_rx_ctrl_v1_0_16_top_dut/AXI_LITE.isr_cdc/HSC2R_CDC[38].hsc2r_bus_cdc 
  This will add unnecessary latency to the design. Please check the design for the following: 
 1) Manually instantiated XPM_CDC modules: AMD recommends that you remove these modules. 
 2) AMD IP that contains XPM_CDC modules: Verify the connections to the IP to determine whether you can safely ignore this message.
 [/home/lachlan/vivado/2026.1/data/ip/xpm/xpm_cdc/tcl/xpm_cdc_handshake.tcl:19]
WARNING: [XPM_CDC_HANDSHAKE: TCL-1000] The source and destination clocks are the same. 
     Instance: design_1_i/mipi_csi2_rx_subsyst_0/inst/rx/mipi_csi2_rx_ctrl_v1_0_16_top_dut/AXI_LITE.isr_cdc/HSC2R_CDC[3].hsc2r_bus_cdc 
  This will add unnecessary latency to the design. Please check the design for the following: 
 1) Manually instantiated XPM_CDC modules: AMD recommends that you remove these modules. 
 2) AMD IP that contains XPM_CDC modules: Verify the connections to the IP to determine whether you can safely ignore this message.
 [/home/lachlan/vivado/2026.1/data/ip/xpm/xpm_cdc/tcl/xpm_cdc_handshake.tcl:19]
WARNING: [XPM_CDC_HANDSHAKE: TCL-1000] The source and destination clocks are the same. 
     Instance: design_1_i/mipi_csi2_rx_subsyst_0/inst/rx/mipi_csi2_rx_ctrl_v1_0_16_top_dut/AXI_LITE.isr_cdc/HSC2R_CDC[39].hsc2r_bus_cdc 
  This will add unnecessary latency to the design. Please check the design for the following: 
 1) Manually instantiated XPM_CDC modules: AMD recommends that you remove these modules. 
 2) AMD IP that contains XPM_CDC modules: Verify the connections to the IP to determine whether you can safely ignore this message.
 [/home/lachlan/vivado/2026.1/data/ip/xpm/xpm_cdc/tcl/xpm_cdc_handshake.tcl:19]
WARNING: [XPM_CDC_HANDSHAKE: TCL-1000] The source and destination clocks are the same. 
     Instance: design_1_i/mipi_csi2_rx_subsyst_0/inst/rx/mipi_csi2_rx_ctrl_v1_0_16_top_dut/AXI_LITE.isr_cdc/HSC2R_CDC[40].hsc2r_bus_cdc 
  This will add unnecessary latency to the design. Please check the design for the following: 
 1) Manually instantiated XPM_CDC modules: AMD recommends that you remove these modules. 
 2) AMD IP that contains XPM_CDC modules: Verify the connections to the IP to determine whether you can safely ignore this message.
 [/home/lachlan/vivado/2026.1/data/ip/xpm/xpm_cdc/tcl/xpm_cdc_handshake.tcl:19]
WARNING: [XPM_CDC_HANDSHAKE: TCL-1000] The source and destination clocks are the same. 
     Instance: design_1_i/mipi_csi2_rx_subsyst_0/inst/rx/mipi_csi2_rx_ctrl_v1_0_16_top_dut/AXI_LITE.isr_cdc/HSC2R_CDC[41].hsc2r_bus_cdc 
  This will add unnecessary latency to the design. Please check the design for the following: 
 1) Manually instantiated XPM_CDC modules: AMD recommends that you remove these modules. 
 2) AMD IP that contains XPM_CDC modules: Verify the connections to the IP to determine whether you can safely ignore this message.
 [/home/lachlan/vivado/2026.1/data/ip/xpm/xpm_cdc/tcl/xpm_cdc_handshake.tcl:19]
WARNING: [XPM_CDC_HANDSHAKE: TCL-1000] The source and destination clocks are the same. 
     Instance: design_1_i/mipi_csi2_rx_subsyst_0/inst/rx/mipi_csi2_rx_ctrl_v1_0_16_top_dut/AXI_LITE.isr_cdc/HSC2R_CDC[42].hsc2r_bus_cdc 
  This will add unnecessary latency to the design. Please check the design for the following: 
 1) Manually instantiated XPM_CDC modules: AMD recommends that you remove these modules. 
 2) AMD IP that contains XPM_CDC modules: Verify the connections to the IP to determine whether you can safely ignore this message.
 [/home/lachlan/vivado/2026.1/data/ip/xpm/xpm_cdc/tcl/xpm_cdc_handshake.tcl:19]
WARNING: [XPM_CDC_HANDSHAKE: TCL-1000] The source and destination clocks are the same. 
     Instance: design_1_i/mipi_csi2_rx_subsyst_0/inst/rx/mipi_csi2_rx_ctrl_v1_0_16_top_dut/AXI_LITE.isr_cdc/HSC2R_CDC[43].hsc2r_bus_cdc 
  This will add unnecessary latency to the design. Please check the design for the following: 
 1) Manually instantiated XPM_CDC modules: AMD recommends that you remove these modules. 
 2) AMD IP that contains XPM_CDC modules: Verify the connections to the IP to determine whether you can safely ignore this message.
 [/home/lachlan/vivado/2026.1/data/ip/xpm/xpm_cdc/tcl/xpm_cdc_handshake.tcl:19]
WARNING: [XPM_CDC_HANDSHAKE: TCL-1000] The source and destination clocks are the same. 
     Instance: design_1_i/mipi_csi2_rx_subsyst_0/inst/rx/mipi_csi2_rx_ctrl_v1_0_16_top_dut/AXI_LITE.isr_cdc/HSC2R_CDC[4].hsc2r_bus_cdc 
  This will add unnecessary latency to the design. Please check the design for the following: 
 1) Manually instantiated XPM_CDC modules: AMD recommends that you remove these modules. 
 2) AMD IP that contains XPM_CDC modules: Verify the connections to the IP to determine whether you can safely ignore this message.
 [/home/lachlan/vivado/2026.1/data/ip/xpm/xpm_cdc/tcl/xpm_cdc_handshake.tcl:19]
WARNING: [XPM_CDC_HANDSHAKE: TCL-1000] The source and destination clocks are the same. 
     Instance: design_1_i/mipi_csi2_rx_subsyst_0/inst/rx/mipi_csi2_rx_ctrl_v1_0_16_top_dut/AXI_LITE.isr_cdc/HSC2R_CDC[5].hsc2r_bus_cdc 
  This will add unnecessary latency to the design. Please check the design for the following: 
 1) Manually instantiated XPM_CDC modules: AMD recommends that you remove these modules. 
 2) AMD IP that contains XPM_CDC modules: Verify the connections to the IP to determine whether you can safely ignore this message.
 [/home/lachlan/vivado/2026.1/data/ip/xpm/xpm_cdc/tcl/xpm_cdc_handshake.tcl:19]
WARNING: [XPM_CDC_HANDSHAKE: TCL-1000] The source and destination clocks are the same. 
     Instance: design_1_i/mipi_csi2_rx_subsyst_0/inst/rx/mipi_csi2_rx_ctrl_v1_0_16_top_dut/AXI_LITE.isr_cdc/HSC2R_CDC[6].hsc2r_bus_cdc 
  This will add unnecessary latency to the design. Please check the design for the following: 
 1) Manually instantiated XPM_CDC modules: AMD recommends that you remove these modules. 
 2) AMD IP that contains XPM_CDC modules: Verify the connections to the IP to determine whether you can safely ignore this message.
 [/home/lachlan/vivado/2026.1/data/ip/xpm/xpm_cdc/tcl/xpm_cdc_handshake.tcl:19]
WARNING: [XPM_CDC_HANDSHAKE: TCL-1000] The source and destination clocks are the same. 
     Instance: design_1_i/mipi_csi2_rx_subsyst_0/inst/rx/mipi_csi2_rx_ctrl_v1_0_16_top_dut/AXI_LITE.isr_cdc/HSC2R_CDC[7].hsc2r_bus_cdc 
  This will add unnecessary latency to the design. Please check the design for the following: 
 1) Manually instantiated XPM_CDC modules: AMD recommends that you remove these modules. 
 2) AMD IP that contains XPM_CDC modules: Verify the connections to the IP to determine whether you can safely ignore this message.
 [/home/lachlan/vivado/2026.1/data/ip/xpm/xpm_cdc/tcl/xpm_cdc_handshake.tcl:19]
WARNING: [XPM_CDC_HANDSHAKE: TCL-1000] The source and destination clocks are the same. 
     Instance: design_1_i/mipi_csi2_rx_subsyst_0/inst/rx/mipi_csi2_rx_ctrl_v1_0_16_top_dut/AXI_LITE.isr_cdc/HSC2R_CDC[8].hsc2r_bus_cdc 
  This will add unnecessary latency to the design. Please check the design for the following: 
 1) Manually instantiated XPM_CDC modules: AMD recommends that you remove these modules. 
 2) AMD IP that contains XPM_CDC modules: Verify the connections to the IP to determine whether you can safely ignore this message.
 [/home/lachlan/vivado/2026.1/data/ip/xpm/xpm_cdc/tcl/xpm_cdc_handshake.tcl:19]
WARNING: [XPM_CDC_HANDSHAKE: TCL-1000] The source and destination clocks are the same. 
     Instance: design_1_i/mipi_csi2_rx_subsyst_0/inst/rx/mipi_csi2_rx_ctrl_v1_0_16_top_dut/AXI_LITE.isr_cdc/ecc_cdc 
  This will add unnecessary latency to the design. Please check the design for the following: 
 1) Manually instantiated XPM_CDC modules: AMD recommends that you remove these modules. 
 2) AMD IP that contains XPM_CDC modules: Verify the connections to the IP to determine whether you can safely ignore this message.
 [/home/lachlan/vivado/2026.1/data/ip/xpm/xpm_cdc/tcl/xpm_cdc_handshake.tcl:19]
WARNING: [XPM_CDC_HANDSHAKE: TCL-1000] The source and destination clocks are the same. 
     Instance: design_1_i/mipi_csi2_rx_subsyst_0/inst/rx/mipi_csi2_rx_ctrl_v1_0_16_top_dut/AXI_LITE.reg_inf/img_info_cdc 
  This will add unnecessary latency to the design. Please check the design for the following: 
 1) Manually instantiated XPM_CDC modules: AMD recommends that you remove these modules. 
 2) AMD IP that contains XPM_CDC modules: Verify the connections to the IP to determine whether you can safely ignore this message.
 [/home/lachlan/vivado/2026.1/data/ip/xpm/xpm_cdc/tcl/xpm_cdc_handshake.tcl:19]
WARNING: [XPM_CDC_SINGLE: TCL-1000] The source and destination clocks are the same. 
     Instance: design_1_i/mipi_csi2_rx_subsyst_0/inst/rx/mipi_csi2_rx_ctrl_v1_0_16_top_dut/AXI_LITE.reg_inf/xpm_single_05 
  This will add unnecessary latency to the design. Please check the design for the following: 
 1) Manually instantiated XPM_CDC modules: AMD recommends that you remove these modules. 
 2) AMD IP that contains XPM_CDC modules: Verify the connections to the IP to determine whether you can safely ignore this message.
 [/home/lachlan/vivado/2026.1/data/ip/xpm/xpm_cdc/tcl/xpm_cdc_single.tcl:5]
WARNING: [XPM_CDC_SINGLE: TCL-1000] The source and destination clocks are the same. 
     Instance: design_1_i/mipi_csi2_rx_subsyst_0/inst/rx/mipi_csi2_rx_ctrl_v1_0_16_top_dut/AXI_LITE.reg_inf/xpm_single_02 
  This will add unnecessary latency to the design. Please check the design for the following: 
 1) Manually instantiated XPM_CDC modules: AMD recommends that you remove these modules. 
 2) AMD IP that contains XPM_CDC modules: Verify the connections to the IP to determine whether you can safely ignore this message.
 [/home/lachlan/vivado/2026.1/data/ip/xpm/xpm_cdc/tcl/xpm_cdc_single.tcl:5]
WARNING: [XPM_CDC_SINGLE: TCL-1000] The source and destination clocks are the same. 
     Instance: design_1_i/mipi_csi2_rx_subsyst_0/inst/rx/mipi_csi2_rx_ctrl_v1_0_16_top_dut/AXI_LITE.reg_inf/xpm_single_vfb_01 
  This will add unnecessary latency to the design. Please check the design for the following: 
 1) Manually instantiated XPM_CDC modules: AMD recommends that you remove these modules. 
 2) AMD IP that contains XPM_CDC modules: Verify the connections to the IP to determine whether you can safely ignore this message.
 [/home/lachlan/vivado/2026.1/data/ip/xpm/xpm_cdc/tcl/xpm_cdc_single.tcl:5]
INFO: [Project 1-1714] 361 XPM XDC files have been applied to the design.
INFO: [Opt 31-138] Pushed 0 inverter(s) to 0 load pin(s).
INFO: [Project 1-1687] 2 scoped IP constraints or related sub-commands were skipped due to synthesis logic optimizations usually triggered by constant connectivity or unconnected output pins. To review the skipped constraints and messages, run the command 'set_param netlist.IPMsgFiltering false' before opening the design.
Netlist sorting complete. Time (s): cpu = 00:00:00.03 ; elapsed = 00:00:00.03 . Memory (MB): peak = 3728.621 ; gain = 0.000 ; free physical = 11020 ; free virtual = 26224
INFO: [Project 1-111] Unisim Transformation Summary:
  A total of 270 instances were transformed.
  DSP48E2 => DSP48E2 (DSP_ALU, DSP_A_B_DATA, DSP_C_DATA, DSP_MULTIPLIER, DSP_M_DATA, DSP_OUTPUT, DSP_PREADD, DSP_PREADD_DATA): 10 instances
  IBUFDS_DPHY => IBUFDS_DPHY (DPHY_DIFFINBUF, IBUFCTRL): 3 instances
  IOBUF => IOBUF (IBUFCTRL, INBUF, OBUFT): 2 instances
  RAM16X1D => RAM32X1D (RAMD32(x2)): 6 instances
  RAM32M => RAM32M (RAMD32(x6), RAMS32(x2)): 15 instances
  RAM32M16 => RAM32M16 (RAMD32(x14), RAMS32(x2)): 215 instances
  RAM32X1D => RAM32X1D (RAMD32(x2)): 19 instances

25 Infos, 64 Warnings, 0 Critical Warnings and 0 Errors encountered.
link_design completed successfully
link_design: Time (s): cpu = 00:03:07 ; elapsed = 00:02:51 . Memory (MB): peak = 3728.656 ; gain = 1959.105 ; free physical = 11006 ; free virtual = 26210
Command: opt_design
Attempting to get a license for feature 'Vivado_Implementation' and/or device 'xck26'
INFO: [Common 17-349] Got license for feature 'Vivado_Implementation' and/or device 'xck26'
Running DRC as a precondition to command opt_design

Starting DRC Task
INFO: [DRC 23-27] Running DRC with 8 threads
INFO: [Project 1-461] DRC finished with 0 Errors
INFO: [Project 1-462] Please refer to the DRC report (report_drc) for more information.

Time (s): cpu = 00:00:07 ; elapsed = 00:00:02 . Memory (MB): peak = 3728.656 ; gain = 0.000 ; free physical = 10955 ; free virtual = 26163

Starting Cache Timing Information Task
INFO: [Timing 38-35] Done setting XDC timing constraints.
Ending Cache Timing Information Task | Checksum: 29e488844

Time (s): cpu = 00:00:15 ; elapsed = 00:00:05 . Memory (MB): peak = 3728.656 ; gain = 0.000 ; free physical = 10867 ; free virtual = 26068

Starting Logic Optimization Task

Phase 1 Initialization

Phase 1.1 Core Generation And Design Setup
Phase 1.1 Core Generation And Design Setup | Checksum: 29e488844

Time (s): cpu = 00:00:00.19 ; elapsed = 00:00:00.19 . Memory (MB): peak = 4114.598 ; gain = 0.000 ; free physical = 10398 ; free virtual = 25663

Phase 1.2 Setup Constraints And Sort Netlist
Phase 1.2 Setup Constraints And Sort Netlist | Checksum: 29e488844

Time (s): cpu = 00:00:00.26 ; elapsed = 00:00:00.27 . Memory (MB): peak = 4114.598 ; gain = 0.000 ; free physical = 10386 ; free virtual = 25651
Phase 1 Initialization | Checksum: 29e488844

Time (s): cpu = 00:00:00.28 ; elapsed = 00:00:00.28 . Memory (MB): peak = 4114.598 ; gain = 0.000 ; free physical = 10386 ; free virtual = 25651

Phase 2 Timer Update And Timing Data Collection

Phase 2.1 Detect if minReqCache needed
Phase 2.1 Detect if minReqCache needed | Checksum: 29e488844

Time (s): cpu = 00:00:00.38 ; elapsed = 00:00:00.39 . Memory (MB): peak = 4133.566 ; gain = 18.969 ; free physical = 10366 ; free virtual = 25631

Phase 2.2 Timer Update
Phase 2.2 Timer Update | Checksum: 29e488844

Time (s): cpu = 00:00:11 ; elapsed = 00:00:03 . Memory (MB): peak = 4133.566 ; gain = 18.969 ; free physical = 10359 ; free virtual = 25596

Phase 2.3 Timing Data Collection
Phase 2.3 Timing Data Collection | Checksum: 29e488844

Time (s): cpu = 00:00:11 ; elapsed = 00:00:03 . Memory (MB): peak = 4133.566 ; gain = 18.969 ; free physical = 10359 ; free virtual = 25595
Phase 2 Timer Update And Timing Data Collection | Checksum: 29e488844

Time (s): cpu = 00:00:11 ; elapsed = 00:00:03 . Memory (MB): peak = 4133.566 ; gain = 18.969 ; free physical = 10359 ; free virtual = 25595

Phase 3 Retarget
INFO: [Opt 31-1851] Number of loadless carry chains removed were: 0
INFO: [Opt 31-1834] Total Chains To Be Transformed Were: 0 AND Number of Transformed insts Created are: 0
INFO: [Opt 31-1566] Pulled 14 inverters resulting in an inversion of 126 pins
INFO: [Opt 31-138] Pushed 147 inverter(s) to 5114 load pin(s).
INFO: [Opt 31-49] Retargeted 0 cell(s).
Phase 3 Retarget | Checksum: 2264ebc64

Time (s): cpu = 00:00:15 ; elapsed = 00:00:07 . Memory (MB): peak = 4133.566 ; gain = 18.969 ; free physical = 10289 ; free virtual = 25503
Retarget | Checksum: 2264ebc64
INFO: [Opt 31-389] Phase Retarget created 141 cells and removed 1611 cells
INFO: [Opt 31-1021] In phase Retarget, 253 netlist objects are constrained preventing optimization. Please run opt_design with -debug_log to get more detail. 

Phase 4 Constant propagation
INFO: [Opt 31-138] Pushed 1 inverter(s) to 1 load pin(s).
Phase 4 Constant propagation | Checksum: 232dd6f34

Time (s): cpu = 00:00:17 ; elapsed = 00:00:08 . Memory (MB): peak = 4133.566 ; gain = 18.969 ; free physical = 10510 ; free virtual = 25725
Constant propagation | Checksum: 232dd6f34
INFO: [Opt 31-389] Phase Constant propagation created 41 cells and removed 980 cells
INFO: [Opt 31-1021] In phase Constant propagation, 274 netlist objects are constrained preventing optimization. Please run opt_design with -debug_log to get more detail. 

Phase 5 Sweep
INFO: [Constraints 18-11670] Building netlist checker database with flags, 0x8
Done building netlist checker database: Time (s): cpu = 00:00:00.09 ; elapsed = 00:00:00.1 . Memory (MB): peak = 4133.566 ; gain = 0.000 ; free physical = 10565 ; free virtual = 25787
INFO: [Constraints 18-11670] Building netlist checker database with flags, 0x8
Done building netlist checker database: Time (s): cpu = 00:00:00.07 ; elapsed = 00:00:00.06 . Memory (MB): peak = 4133.566 ; gain = 0.000 ; free physical = 10639 ; free virtual = 25859
Phase 5 Sweep | Checksum: 28a14431f

Time (s): cpu = 00:00:26 ; elapsed = 00:00:18 . Memory (MB): peak = 4133.566 ; gain = 18.969 ; free physical = 10451 ; free virtual = 25664
Sweep | Checksum: 28a14431f
INFO: [Opt 31-389] Phase Sweep created 0 cells and removed 5916 cells
INFO: [Opt 31-1021] In phase Sweep, 431 netlist objects are constrained preventing optimization. Please run opt_design with -debug_log to get more detail. 

Phase 6 BUFG optimization
INFO: [Opt 31-1077] Phase BUFG optimization inserted 0 global clock buffer(s) for CLOCK_LOW_FANOUT.
Phase 6 BUFG optimization | Checksum: 28a14431f

Time (s): cpu = 00:00:29 ; elapsed = 00:00:19 . Memory (MB): peak = 4165.582 ; gain = 50.984 ; free physical = 10463 ; free virtual = 25689
BUFG optimization | Checksum: 28a14431f
INFO: [Opt 31-662] Phase BUFG optimization created 0 cells of which 0 are BUFGs and removed 0 cells.

Phase 7 Shift Register Optimization
INFO: [Opt 31-1064] SRL Remap converted 0 SRLs to 0 registers and converted 0 registers of register chains to 0 SRLs
Phase 7 Shift Register Optimization | Checksum: 28a14431f

Time (s): cpu = 00:00:29 ; elapsed = 00:00:19 . Memory (MB): peak = 4165.582 ; gain = 50.984 ; free physical = 10455 ; free virtual = 25681
Shift Register Optimization | Checksum: 28a14431f
INFO: [Opt 31-389] Phase Shift Register Optimization created 0 cells and removed 0 cells

Phase 8 Post Processing Netlist
INFO: [Opt 31-1566] Pulled 1 inverters resulting in an inversion of 2 pins
Phase 8 Post Processing Netlist | Checksum: 1f2355049

Time (s): cpu = 00:00:30 ; elapsed = 00:00:20 . Memory (MB): peak = 4165.582 ; gain = 50.984 ; free physical = 10447 ; free virtual = 25668
Post Processing Netlist | Checksum: 1f2355049
INFO: [Opt 31-389] Phase Post Processing Netlist created 0 cells and removed 1 cells
INFO: [Opt 31-1021] In phase Post Processing Netlist, 258 netlist objects are constrained preventing optimization. Please run opt_design with -debug_log to get more detail. 

Phase 9 Finalization

Phase 9.1 Finalizing Design Cores and Updating Shapes
Phase 9.1 Finalizing Design Cores and Updating Shapes | Checksum: 20b5b4688

Time (s): cpu = 00:00:32 ; elapsed = 00:00:22 . Memory (MB): peak = 4165.582 ; gain = 50.984 ; free physical = 10214 ; free virtual = 25434

Phase 9.2 Verifying Netlist Connectivity

Starting Connectivity Check Task

Time (s): cpu = 00:00:00.19 ; elapsed = 00:00:00.2 . Memory (MB): peak = 4165.582 ; gain = 0.000 ; free physical = 10167 ; free virtual = 25387
Phase 9.2 Verifying Netlist Connectivity | Checksum: 20b5b4688

Time (s): cpu = 00:00:33 ; elapsed = 00:00:22 . Memory (MB): peak = 4165.582 ; gain = 50.984 ; free physical = 10167 ; free virtual = 25387
Phase 9 Finalization | Checksum: 20b5b4688

Time (s): cpu = 00:00:33 ; elapsed = 00:00:22 . Memory (MB): peak = 4165.582 ; gain = 50.984 ; free physical = 10167 ; free virtual = 25387
Opt_design Change Summary
=========================


-------------------------------------------------------------------------------------------------------------------------
|  Phase                        |  #Cells created  |  #Cells Removed  |  #Constrained objects preventing optimizations  |
-------------------------------------------------------------------------------------------------------------------------
|  Retarget                     |             141  |            1611  |                                            253  |
|  Constant propagation         |              41  |             980  |                                            274  |
|  Sweep                        |               0  |            5916  |                                            431  |
|  BUFG optimization            |               0  |               0  |                                              0  |
|  Shift Register Optimization  |               0  |               0  |                                              0  |
|  Post Processing Netlist      |               0  |               1  |                                            258  |
-------------------------------------------------------------------------------------------------------------------------


Ending Logic Optimization Task | Checksum: 20b5b4688

Time (s): cpu = 00:00:33 ; elapsed = 00:00:22 . Memory (MB): peak = 4165.582 ; gain = 50.984 ; free physical = 10167 ; free virtual = 25387

Starting Power Optimization Task
INFO: [Pwropt 34-132] Skipping clock gating for clocks with a period < 2.00 ns.
INFO: [Pwropt 34-9] Applying IDT optimizations ...
INFO: [Pwropt 34-10] Applying ODC optimizations ...
INFO: [Timing 38-35] Done setting XDC timing constraints.
Running Vector-less Activity Propagation...

Finished Running Vector-less Activity Propagation


Starting PowerOpt Patch Enables Task
INFO: [Pwropt 34-162] WRITE_MODE attribute of 0 BRAM(s) out of a total of 31 has been updated to save power. Run report_power_opt to get a complete listing of the BRAMs updated.
INFO: [Timing 38-35] Done setting XDC timing constraints.
INFO: [Pwropt 34-201] Structural ODC has moved 15 WE to EN ports
Number of BRAM Ports augmented: 12 newly gated: 15 Total Ports: 62
Ending PowerOpt Patch Enables Task | Checksum: 1d1690f36

Time (s): cpu = 00:00:13 ; elapsed = 00:00:05 . Memory (MB): peak = 4357.500 ; gain = 0.000 ; free physical = 10703 ; free virtual = 25892
Ending Power Optimization Task | Checksum: 1d1690f36

Time (s): cpu = 00:01:19 ; elapsed = 00:00:33 . Memory (MB): peak = 4357.500 ; gain = 191.918 ; free physical = 10703 ; free virtual = 25892

Starting Final Cleanup Task

Starting Logic Optimization Task
INFO: [Timing 38-35] Done setting XDC timing constraints.
Ending Logic Optimization Task | Checksum: 221db57cf

Time (s): cpu = 00:00:26 ; elapsed = 00:00:09 . Memory (MB): peak = 4357.500 ; gain = 0.000 ; free physical = 10221 ; free virtual = 25433
Ending Final Cleanup Task | Checksum: 221db57cf

Time (s): cpu = 00:00:34 ; elapsed = 00:00:17 . Memory (MB): peak = 4357.500 ; gain = 0.000 ; free physical = 10186 ; free virtual = 25387
Netlist sorting complete. Time (s): cpu = 00:00:00.07 ; elapsed = 00:00:00.07 . Memory (MB): peak = 4357.500 ; gain = 0.000 ; free physical = 10183 ; free virtual = 25384
INFO: [Common 17-83] Releasing license: Vivado_Implementation
60 Infos, 64 Warnings, 0 Critical Warnings and 0 Errors encountered.
opt_design completed successfully
opt_design: Time (s): cpu = 00:02:55 ; elapsed = 00:01:27 . Memory (MB): peak = 4357.500 ; gain = 628.844 ; free physical = 10181 ; free virtual = 25382
INFO: [Vivado 12-24828] Executing command : report_drc -file design_1_wrapper_drc_opted.rpt -pb design_1_wrapper_drc_opted.pb -rpx design_1_wrapper_drc_opted.rpx
Command: report_drc -file design_1_wrapper_drc_opted.rpt -pb design_1_wrapper_drc_opted.pb -rpx design_1_wrapper_drc_opted.rpx
INFO: [IP_Flow 19-1839] IP Catalog is up to date.
INFO: [Timing 38-35] Done setting XDC timing constraints.
INFO: [DRC 23-27] Running DRC with 8 threads
INFO: [Vivado_Tcl 2-168] The results of DRC are in file /home/lachlan/multicam-kria-k26/build-hw/myproj/project_1.runs/impl_1/design_1_wrapper_drc_opted.rpt.
report_drc completed successfully
report_drc: Time (s): cpu = 00:02:00 ; elapsed = 00:00:54 . Memory (MB): peak = 4656.016 ; gain = 298.516 ; free physical = 9958 ; free virtual = 25227
generate_parallel_reports: Time (s): cpu = 00:02:00 ; elapsed = 00:00:54 . Memory (MB): peak = 4656.016 ; gain = 298.516 ; free physical = 9958 ; free virtual = 25227
INFO: [Timing 38-480] Writing timing data to binary archive.
Wrote PlaceDB: Time (s): cpu = 00:00:00 ; elapsed = 00:00:00 . Memory (MB): peak = 4656.016 ; gain = 0.000 ; free physical = 10002 ; free virtual = 25272
Wrote PulsedLatchDB: Time (s): cpu = 00:00:00 ; elapsed = 00:00:00 . Memory (MB): peak = 4656.016 ; gain = 0.000 ; free physical = 10002 ; free virtual = 25272
Writing XDEF routing.
Writing XDEF routing logical nets.
Write ShapeDB Complete: Time (s): cpu = 00:00:01 ; elapsed = 00:00:00.25 . Memory (MB): peak = 4656.016 ; gain = 0.000 ; free physical = 9989 ; free virtual = 25263
Writing XDEF routing special nets.
Wrote RouteStorage: Time (s): cpu = 00:00:02 ; elapsed = 00:00:00.39 . Memory (MB): peak = 4656.016 ; gain = 0.000 ; free physical = 9970 ; free virtual = 25244
Wrote PlaceStorage: Time (s): cpu = 00:00:00.02 ; elapsed = 00:00:00 . Memory (MB): peak = 4656.016 ; gain = 0.000 ; free physical = 9970 ; free virtual = 25244
Wrote Netlist Cache: Time (s): cpu = 00:00:00 ; elapsed = 00:00:00 . Memory (MB): peak = 4656.016 ; gain = 0.000 ; free physical = 9970 ; free virtual = 25244
Wrote Device Cache: Time (s): cpu = 00:00:00.18 ; elapsed = 00:00:00.06 . Memory (MB): peak = 4656.016 ; gain = 0.000 ; free physical = 9967 ; free virtual = 25244
Write Physdb Complete: Time (s): cpu = 00:00:02 ; elapsed = 00:00:00.46 . Memory (MB): peak = 4656.016 ; gain = 0.000 ; free physical = 9965 ; free virtual = 25243
INFO: [Common 17-1381] The checkpoint '/home/lachlan/multicam-kria-k26/build-hw/myproj/project_1.runs/impl_1/design_1_wrapper_opt.dcp' has been generated.
write_checkpoint: Time (s): cpu = 00:00:17 ; elapsed = 00:00:10 . Memory (MB): peak = 4656.016 ; gain = 0.000 ; free physical = 10176 ; free virtual = 25458
Command: place_design
Attempting to get a license for feature 'Vivado_Implementation' and/or device 'xck26'
INFO: [Common 17-349] Got license for feature 'Vivado_Implementation' and/or device 'xck26'
INFO: [Common 17-83] Releasing license: Vivado_Implementation
Running DRC as a precondition to command place_design
INFO: [DRC 23-27] Running DRC with 8 threads
INFO: [Vivado_Tcl 4-198] DRC finished with 0 Errors
INFO: [Vivado_Tcl 4-199] Please refer to the DRC report (report_drc) for more information.
INFO: [Place 30-611] Multithreading enabled for place_design using a maximum of 8 CPUs

Starting Placer Task

Phase 1 Placer Initialization

Phase 1.1 Placer Initialization Netlist Sorting
Netlist sorting complete. Time (s): cpu = 00:00:00.03 ; elapsed = 00:00:00.03 . Memory (MB): peak = 4784.078 ; gain = 0.000 ; free physical = 10428 ; free virtual = 25717
Phase 1.1 Placer Initialization Netlist Sorting | Checksum: 1c4225bf1

Time (s): cpu = 00:00:00.09 ; elapsed = 00:00:00.08 . Memory (MB): peak = 4784.078 ; gain = 0.000 ; free physical = 10427 ; free virtual = 25717
Netlist sorting complete. Time (s): cpu = 00:00:00.03 ; elapsed = 00:00:00.04 . Memory (MB): peak = 4784.078 ; gain = 0.000 ; free physical = 10427 ; free virtual = 25713

Phase 1.2 IO Placement/ Clock Placement/ Build Placer Device
Phase 1.2 IO Placement/ Clock Placement/ Build Placer Device | Checksum: 1769d8665

Time (s): cpu = 00:00:24 ; elapsed = 00:00:14 . Memory (MB): peak = 4784.078 ; gain = 0.000 ; free physical = 10487 ; free virtual = 25774

Phase 1.3 Build Placer Netlist Model
Phase 1.3 Build Placer Netlist Model | Checksum: 19a58c3c0

Time (s): cpu = 00:01:41 ; elapsed = 00:00:46 . Memory (MB): peak = 4784.078 ; gain = 0.000 ; free physical = 10113 ; free virtual = 25403

Phase 1.4 Constrain Clocks/Macros
Phase 1.4 Constrain Clocks/Macros | Checksum: 19a58c3c0

Time (s): cpu = 00:01:41 ; elapsed = 00:00:46 . Memory (MB): peak = 4784.078 ; gain = 0.000 ; free physical = 10113 ; free virtual = 25403
Phase 1 Placer Initialization | Checksum: 19a58c3c0

Time (s): cpu = 00:01:42 ; elapsed = 00:00:47 . Memory (MB): peak = 4784.078 ; gain = 0.000 ; free physical = 10111 ; free virtual = 25401

Phase 2 Global Placement

Phase 2.1 Floorplanning

Phase 2.1.1 Partition Driven Placement

Phase 2.1.1.1 PBP: Partition Driven Placement
Phase 2.1.1.1 PBP: Partition Driven Placement | Checksum: 19fd9b1c8

Time (s): cpu = 00:02:57 ; elapsed = 00:01:14 . Memory (MB): peak = 4784.078 ; gain = 0.000 ; free physical = 10029 ; free virtual = 25345

Phase 2.1.1.2 PBP: Clock Region Placement
INFO: [Place 30-3162] Check ILP status : ILP-based clock placer completed successfully.
Phase 2.1.1.2 PBP: Clock Region Placement | Checksum: 19fd9b1c8

Time (s): cpu = 00:03:01 ; elapsed = 00:01:18 . Memory (MB): peak = 4784.078 ; gain = 0.000 ; free physical = 9665 ; free virtual = 24981

Phase 2.1.1.3 PBP: Discrete Incremental
Phase 2.1.1.3 PBP: Discrete Incremental | Checksum: 258ec316f

Time (s): cpu = 00:03:02 ; elapsed = 00:01:19 . Memory (MB): peak = 4784.078 ; gain = 0.000 ; free physical = 9733 ; free virtual = 25050

Phase 2.1.1.4 PBP: Compute Congestion
Phase 2.1.1.4 PBP: Compute Congestion | Checksum: 258ec316f

Time (s): cpu = 00:03:54 ; elapsed = 00:01:34 . Memory (MB): peak = 4969.016 ; gain = 184.938 ; free physical = 9008 ; free virtual = 24758

Phase 2.1.1.5 PBP: Macro Placement
Phase 2.1.1.5 PBP: Macro Placement | Checksum: 1ae96aa38

Time (s): cpu = 00:03:55 ; elapsed = 00:01:34 . Memory (MB): peak = 4969.016 ; gain = 184.938 ; free physical = 8982 ; free virtual = 24732

Phase 2.1.1.6 PBP: UpdateTiming
Phase 2.1.1.6 PBP: UpdateTiming | Checksum: 15afbf823

Time (s): cpu = 00:04:12 ; elapsed = 00:01:39 . Memory (MB): peak = 5001.031 ; gain = 216.953 ; free physical = 8856 ; free virtual = 24617

Phase 2.1.1.7 PBP: Add part constraints
Phase 2.1.1.7 PBP: Add part constraints | Checksum: 15afbf823

Time (s): cpu = 00:04:12 ; elapsed = 00:01:39 . Memory (MB): peak = 5001.031 ; gain = 216.953 ; free physical = 8856 ; free virtual = 24617
Phase 2.1.1 Partition Driven Placement | Checksum: 15afbf823

Time (s): cpu = 00:04:12 ; elapsed = 00:01:39 . Memory (MB): peak = 5001.031 ; gain = 216.953 ; free physical = 8856 ; free virtual = 24617
Phase 2.1 Floorplanning | Checksum: 15afbf823

Time (s): cpu = 00:04:12 ; elapsed = 00:01:39 . Memory (MB): peak = 5001.031 ; gain = 216.953 ; free physical = 8856 ; free virtual = 24617

Phase 2.2 Update Timing before SLR Path Opt
Phase 2.2 Update Timing before SLR Path Opt | Checksum: 15afbf823

Time (s): cpu = 00:04:13 ; elapsed = 00:01:39 . Memory (MB): peak = 5001.031 ; gain = 216.953 ; free physical = 8856 ; free virtual = 24617

Phase 2.3 Post-Processing in Floorplanning
Phase 2.3 Post-Processing in Floorplanning | Checksum: 15afbf823

Time (s): cpu = 00:04:13 ; elapsed = 00:01:40 . Memory (MB): peak = 5001.031 ; gain = 216.953 ; free physical = 8861 ; free virtual = 24625

Phase 2.4 Global Place Phase1
Phase 2.4 Global Place Phase1 | Checksum: 1b2000b9b

Time (s): cpu = 00:07:56 ; elapsed = 00:02:52 . Memory (MB): peak = 5084.031 ; gain = 299.953 ; free physical = 9299 ; free virtual = 25159

Phase 2.5 Global Place Phase2

Phase 2.5.1 UpdateTiming Before Physical Synthesis
Phase 2.5.1 UpdateTiming Before Physical Synthesis | Checksum: 1f2e3bb49

Time (s): cpu = 00:08:17 ; elapsed = 00:02:57 . Memory (MB): peak = 5084.031 ; gain = 299.953 ; free physical = 9276 ; free virtual = 25068

Phase 2.5.2 Physical Synthesis In Placer
INFO: [Physopt 32-1035] Found 0 LUTNM shape to break, 1178 LUT instances to create LUTNM shape
INFO: [Physopt 32-1044] Break lutnm for timing: one critical 0, two critical 0, total 0, new lutff created 0
INFO: [Physopt 32-1138] End 1 Pass. Optimized 481 nets or LUTs. Breaked 0 LUT, combined 481 existing LUTs and moved 0 existing LUT
INFO: [Physopt 32-670] No setup violation found.  Equivalent Driver Rewiring was not performed.
INFO: [Physopt 32-65] No nets found for high-fanout optimization.
INFO: [Physopt 32-232] Optimized 0 net. Created 0 new instance.
INFO: [Physopt 32-775] End 1 Pass. Optimized 0 net or cell. Created 0 new cell, deleted 0 existing cell and moved 0 existing cell
INFO: [Physopt 32-670] No setup violation found.  DSP Register Optimization was not performed.
INFO: [Physopt 32-670] No setup violation found.  Shift Register to Pipeline Optimization was not performed.
INFO: [Physopt 32-670] No setup violation found.  Shift Register Optimization was not performed.
INFO: [Physopt 32-670] No setup violation found.  BRAM Register Optimization was not performed.
INFO: [Physopt 32-670] No setup violation found.  URAM Register Optimization was not performed.
INFO: [Physopt 32-949] No candidate nets found for dynamic/static region interface net replication
INFO: [Physopt 32-775] End 1 Pass. Optimized 0 net or cell. Created 0 new cell, deleted 0 existing cell and moved 0 existing cell
Netlist sorting complete. Time (s): cpu = 00:00:00.04 ; elapsed = 00:00:00.04 . Memory (MB): peak = 5084.031 ; gain = 0.000 ; free physical = 9162 ; free virtual = 24956

Summary of Physical Synthesis Optimizations
============================================


-----------------------------------------------------------------------------------------------------------------------------------------------------------
|  Optimization                                     |  Added Cells  |  Removed Cells  |  Optimized Cells/Nets  |  Dont Touch  |  Iterations  |  Elapsed   |
-----------------------------------------------------------------------------------------------------------------------------------------------------------
|  LUT Combining                                    |            0  |            481  |                   481  |           0  |           1  |  00:00:02  |
|  Retime                                           |            0  |              0  |                     0  |           0  |           1  |  00:00:00  |
|  Equivalent Driver Rewiring                       |            0  |              0  |                     0  |           0  |           0  |  00:00:00  |
|  Very High Fanout                                 |            0  |              0  |                     0  |           0  |           1  |  00:00:00  |
|  DSP Register                                     |            0  |              0  |                     0  |           0  |           0  |  00:00:00  |
|  Shift Register to Pipeline                       |            0  |              0  |                     0  |           0  |           0  |  00:00:00  |
|  Shift Register                                   |            0  |              0  |                     0  |           0  |           0  |  00:00:00  |
|  BRAM Register                                    |            0  |              0  |                     0  |           0  |           0  |  00:00:00  |
|  URAM Register                                    |            0  |              0  |                     0  |           0  |           0  |  00:00:00  |
|  Dynamic/Static Region Interface Net Replication  |            0  |              0  |                     0  |           0  |           1  |  00:00:00  |
|  Total                                            |            0  |            481  |                   481  |           0  |           4  |  00:00:02  |
-----------------------------------------------------------------------------------------------------------------------------------------------------------


Phase 2.5.2 Physical Synthesis In Placer | Checksum: 271366bcf

Time (s): cpu = 00:08:36 ; elapsed = 00:03:07 . Memory (MB): peak = 5084.031 ; gain = 299.953 ; free physical = 8949 ; free virtual = 24747
Phase 2.5 Global Place Phase2 | Checksum: 1a8c7de92

Time (s): cpu = 00:09:34 ; elapsed = 00:03:25 . Memory (MB): peak = 5084.031 ; gain = 299.953 ; free physical = 8741 ; free virtual = 24535
Phase 2 Global Placement | Checksum: 1a8c7de92

Time (s): cpu = 00:09:34 ; elapsed = 00:03:26 . Memory (MB): peak = 5084.031 ; gain = 299.953 ; free physical = 8727 ; free virtual = 24521

Phase 3 Detail Placement

Phase 3.1 Commit Multi Column Macros
Phase 3.1 Commit Multi Column Macros | Checksum: 222f0d533

Time (s): cpu = 00:10:40 ; elapsed = 00:03:44 . Memory (MB): peak = 5084.031 ; gain = 299.953 ; free physical = 9704 ; free virtual = 25495

Phase 3.2 Commit Most Macros & LUTRAMs
Phase 3.2 Commit Most Macros & LUTRAMs | Checksum: 201d11b08

Time (s): cpu = 00:11:10 ; elapsed = 00:03:53 . Memory (MB): peak = 5084.031 ; gain = 299.953 ; free physical = 9355 ; free virtual = 25073

Phase 3.3 Small Shape DP

Phase 3.3.1 Small Shape Clustering
Phase 3.3.1 Small Shape Clustering | Checksum: 19777bf2b

Time (s): cpu = 00:11:59 ; elapsed = 00:04:08 . Memory (MB): peak = 5084.031 ; gain = 299.953 ; free physical = 9249 ; free virtual = 24964

Phase 3.3.2 Slice Area Swap

Phase 3.3.2.1 Slice Area Swap Initial
Phase 3.3.2.1 Slice Area Swap Initial | Checksum: 25efdc868

Time (s): cpu = 00:12:11 ; elapsed = 00:04:17 . Memory (MB): peak = 5084.031 ; gain = 299.953 ; free physical = 9189 ; free virtual = 24890
Phase 3.3.2 Slice Area Swap | Checksum: 25efdc868

Time (s): cpu = 00:12:11 ; elapsed = 00:04:17 . Memory (MB): peak = 5084.031 ; gain = 299.953 ; free physical = 9121 ; free virtual = 24822
Phase 3.3 Small Shape DP | Checksum: 1cd915a51

Time (s): cpu = 00:12:53 ; elapsed = 00:04:29 . Memory (MB): peak = 5084.031 ; gain = 299.953 ; free physical = 8989 ; free virtual = 24698

Phase 3.4 Re-assign LUT pins
Phase 3.4 Re-assign LUT pins | Checksum: 28d8d9f83

Time (s): cpu = 00:12:59 ; elapsed = 00:04:35 . Memory (MB): peak = 5084.031 ; gain = 299.953 ; free physical = 9177 ; free virtual = 24880

Phase 3.5 Pipeline Register Optimization
Phase 3.5 Pipeline Register Optimization | Checksum: 19127c5b9

Time (s): cpu = 00:12:59 ; elapsed = 00:04:35 . Memory (MB): peak = 5084.031 ; gain = 299.953 ; free physical = 9156 ; free virtual = 24859
Phase 3 Detail Placement | Checksum: 19127c5b9

Time (s): cpu = 00:13:00 ; elapsed = 00:04:35 . Memory (MB): peak = 5084.031 ; gain = 299.953 ; free physical = 9156 ; free virtual = 24859

Phase 4 Post Placement Optimization and Clean-Up

Phase 4.1 Post Commit Optimization
INFO: [Timing 38-35] Done setting XDC timing constraints.

Phase 4.1.1 Post Placement Optimization
Post Placement Optimization Initialization | Checksum: 1be82634d

Phase 4.1.1.1 BUFG Insertion

Starting Physical Synthesis Task

Phase 1 Physical Synthesis Initialization
INFO: [Physopt 32-721] Multithreading enabled for phys_opt_design using a maximum of 8 CPUs
INFO: [Physopt 32-619] Estimated Timing Summary | WNS=1.231 | TNS=0.000 |
Phase 1 Physical Synthesis Initialization | Checksum: 11cdaddf4

Time (s): cpu = 00:00:10 ; elapsed = 00:00:02 . Memory (MB): peak = 5084.031 ; gain = 0.000 ; free physical = 8984 ; free virtual = 24697
INFO: [Place 46-35] Processed net design_1_i/v_demosaic_0/inst/Debayer_U0/DebayerG_U0/grp_DebayerG_Pipeline_VITIS_LOOP_318_4_fu_212/udiv_12ns_3ns_12_16_1_U56/design_1_v_demosaic_0_0_udiv_12ns_3ns_12_16_1_divider_u/E[0], inserted BUFG to drive 1615 loads.
INFO: [Place 46-56] BUFG insertion identified 1 candidate nets. Inserted BUFG: 1, Replicated BUFG Driver: 0, Skipped due to Placement/Routing Conflicts: 0, Skipped due to Timing Degradation: 0, Skipped due to netlist editing failed: 0.
Ending Physical Synthesis Task | Checksum: 2912d2d53

Time (s): cpu = 00:00:13 ; elapsed = 00:00:04 . Memory (MB): peak = 5084.031 ; gain = 0.000 ; free physical = 8951 ; free virtual = 24664
Phase 4.1.1.1 BUFG Insertion | Checksum: 284832ddc

Time (s): cpu = 00:15:56 ; elapsed = 00:05:21 . Memory (MB): peak = 5084.031 ; gain = 299.953 ; free physical = 8944 ; free virtual = 24657

Phase 4.1.1.2 Post Placement Timing Optimization
INFO: [Place 30-746] Post Placement Timing Summary WNS=1.220. For the most accurate timing information please run report_timing.
Phase 4.1.1.2 Post Placement Timing Optimization | Checksum: 1eb35ac22

Time (s): cpu = 00:15:57 ; elapsed = 00:05:22 . Memory (MB): peak = 5084.031 ; gain = 299.953 ; free physical = 8944 ; free virtual = 24655

Time (s): cpu = 00:15:57 ; elapsed = 00:05:22 . Memory (MB): peak = 5084.031 ; gain = 299.953 ; free physical = 8944 ; free virtual = 24655
Phase 4.1 Post Commit Optimization | Checksum: 1c2fd02da

Time (s): cpu = 00:15:58 ; elapsed = 00:05:22 . Memory (MB): peak = 5084.031 ; gain = 299.953 ; free physical = 8943 ; free virtual = 24655
Netlist sorting complete. Time (s): cpu = 00:00:00.02 ; elapsed = 00:00:00.03 . Memory (MB): peak = 5118.016 ; gain = 0.000 ; free physical = 9203 ; free virtual = 24931

Phase 4.2 Post Placement Cleanup
Phase 4.2 Post Placement Cleanup | Checksum: 1544aba61

Time (s): cpu = 00:16:54 ; elapsed = 00:05:44 . Memory (MB): peak = 5118.016 ; gain = 333.938 ; free physical = 9212 ; free virtual = 24941

Phase 4.3 Placer Reporting

Phase 4.3.1 Print Estimated Congestion
INFO: [Place 30-612] Post-Placement Estimated Congestion 
 ________________________________________________________________________
|           | Global Congestion | Long Congestion   | Short Congestion  |
| Direction | Region Size       | Region Size       | Region Size       |
|___________|___________________|___________________|___________________|
|      North|                1x1|                1x1|                1x1|
|___________|___________________|___________________|___________________|
|      South|                1x1|                1x1|                2x2|
|___________|___________________|___________________|___________________|
|       East|                1x1|                1x1|                4x4|
|___________|___________________|___________________|___________________|
|       West|                1x1|                1x1|                4x4|
|___________|___________________|___________________|___________________|

Phase 4.3.1 Print Estimated Congestion | Checksum: 1544aba61

Time (s): cpu = 00:16:54 ; elapsed = 00:05:45 . Memory (MB): peak = 5118.016 ; gain = 333.938 ; free physical = 9220 ; free virtual = 24948
Phase 4.3 Placer Reporting | Checksum: 1544aba61

Time (s): cpu = 00:16:55 ; elapsed = 00:05:45 . Memory (MB): peak = 5118.016 ; gain = 333.938 ; free physical = 9220 ; free virtual = 24948

Phase 4.4 Final Placement Cleanup
Netlist sorting complete. Time (s): cpu = 00:00:00.03 ; elapsed = 00:00:00.03 . Memory (MB): peak = 5118.016 ; gain = 0.000 ; free physical = 9220 ; free virtual = 24948

Time (s): cpu = 00:16:55 ; elapsed = 00:05:45 . Memory (MB): peak = 5118.016 ; gain = 333.938 ; free physical = 9220 ; free virtual = 24948
Phase 4 Post Placement Optimization and Clean-Up | Checksum: 16347e4ae

Time (s): cpu = 00:16:55 ; elapsed = 00:05:45 . Memory (MB): peak = 5118.016 ; gain = 333.938 ; free physical = 9224 ; free virtual = 24952
Ending Placer Task | Checksum: 156992ab6

Time (s): cpu = 00:16:55 ; elapsed = 00:05:45 . Memory (MB): peak = 5118.016 ; gain = 333.938 ; free physical = 9222 ; free virtual = 24950
95 Infos, 64 Warnings, 0 Critical Warnings and 0 Errors encountered.
place_design completed successfully
place_design: Time (s): cpu = 00:17:16 ; elapsed = 00:05:54 . Memory (MB): peak = 5118.016 ; gain = 462.000 ; free physical = 9227 ; free virtual = 24956
INFO: [Vivado 12-24838] Running report commands "report_control_sets, report_io, report_utilization" in parallel.
Running report generation with 3 threads.
INFO: [Vivado 12-24828] Executing command : report_io -file design_1_wrapper_io_placed.rpt
report_io: Time (s): cpu = 00:00:02 ; elapsed = 00:00:01 . Memory (MB): peak = 5118.016 ; gain = 0.000 ; free physical = 9212 ; free virtual = 24943
INFO: [Vivado 12-24828] Executing command : report_control_sets -verbose -file design_1_wrapper_control_sets_placed.rpt
report_control_sets: Time (s): cpu = 00:00:03 ; elapsed = 00:00:01 . Memory (MB): peak = 5118.016 ; gain = 0.000 ; free physical = 9215 ; free virtual = 24947
INFO: [Vivado 12-24828] Executing command : report_utilization -file design_1_wrapper_utilization_placed.rpt -pb design_1_wrapper_utilization_placed.pb
INFO: [Timing 38-480] Writing timing data to binary archive.
Wrote PlaceDB: Time (s): cpu = 00:00:00 ; elapsed = 00:00:00 . Memory (MB): peak = 5118.016 ; gain = 0.000 ; free physical = 9161 ; free virtual = 24887
Wrote PulsedLatchDB: Time (s): cpu = 00:00:00 ; elapsed = 00:00:00.01 . Memory (MB): peak = 5118.016 ; gain = 0.000 ; free physical = 9160 ; free virtual = 24887
Writing XDEF routing.
Writing XDEF routing logical nets.
Writing XDEF routing special nets.
Wrote RouteStorage: Time (s): cpu = 00:00:02 ; elapsed = 00:00:00.47 . Memory (MB): peak = 5118.016 ; gain = 0.000 ; free physical = 9146 ; free virtual = 24876
Write ShapeDB Complete: Time (s): cpu = 00:00:03 ; elapsed = 00:00:00.58 . Memory (MB): peak = 5118.016 ; gain = 0.000 ; free physical = 9141 ; free virtual = 24879
Wrote PlaceStorage: Time (s): cpu = 00:00:13 ; elapsed = 00:00:04 . Memory (MB): peak = 5118.016 ; gain = 0.000 ; free physical = 9173 ; free virtual = 24936
Wrote Netlist Cache: Time (s): cpu = 00:00:00.49 ; elapsed = 00:00:00.17 . Memory (MB): peak = 5118.016 ; gain = 0.000 ; free physical = 9166 ; free virtual = 24933
Wrote Device Cache: Time (s): cpu = 00:00:00.23 ; elapsed = 00:00:00.09 . Memory (MB): peak = 5118.016 ; gain = 0.000 ; free physical = 9166 ; free virtual = 24937
Write Physdb Complete: Time (s): cpu = 00:00:16 ; elapsed = 00:00:05 . Memory (MB): peak = 5118.016 ; gain = 0.000 ; free physical = 9157 ; free virtual = 24928
INFO: [Common 17-1381] The checkpoint '/home/lachlan/multicam-kria-k26/build-hw/myproj/project_1.runs/impl_1/design_1_wrapper_placed.dcp' has been generated.
write_checkpoint: Time (s): cpu = 00:00:24 ; elapsed = 00:00:13 . Memory (MB): peak = 5118.016 ; gain = 0.000 ; free physical = 8974 ; free virtual = 24736
Command: phys_opt_design
Attempting to get a license for feature 'Vivado_Implementation' and/or device 'xck26'
INFO: [Common 17-349] Got license for feature 'Vivado_Implementation' and/or device 'xck26'

Starting Initial Update Timing Task

Time (s): cpu = 00:01:52 ; elapsed = 00:00:24 . Memory (MB): peak = 5118.016 ; gain = 0.000 ; free physical = 8686 ; free virtual = 24451
INFO: [Vivado_Tcl 4-2279] Estimated Timing Summary | WNS= 1.224 | TNS= 0.000 | 
INFO: [Vivado_Tcl 4-383] Design worst setup slack (WNS) is greater than or equal to 0.000 ns. All physical synthesis setup optimizations will be skipped.
INFO: [Vivado_Tcl 4-232] No setup violation found. The netlist was not modified.
INFO: [Common 17-83] Releasing license: Vivado_Implementation
106 Infos, 64 Warnings, 0 Critical Warnings and 0 Errors encountered.
phys_opt_design completed successfully
phys_opt_design: Time (s): cpu = 00:01:53 ; elapsed = 00:00:25 . Memory (MB): peak = 5118.016 ; gain = 0.000 ; free physical = 8713 ; free virtual = 24478
INFO: [Timing 38-480] Writing timing data to binary archive.
Wrote PlaceDB: Time (s): cpu = 00:00:00 ; elapsed = 00:00:00 . Memory (MB): peak = 5118.016 ; gain = 0.000 ; free physical = 8705 ; free virtual = 24471
Wrote PulsedLatchDB: Time (s): cpu = 00:00:00 ; elapsed = 00:00:00 . Memory (MB): peak = 5118.016 ; gain = 0.000 ; free physical = 8705 ; free virtual = 24471
Writing XDEF routing.
Writing XDEF routing logical nets.
Writing XDEF routing special nets.
Wrote RouteStorage: Time (s): cpu = 00:00:02 ; elapsed = 00:00:00.48 . Memory (MB): peak = 5118.016 ; gain = 0.000 ; free physical = 8826 ; free virtual = 24598
Write ShapeDB Complete: Time (s): cpu = 00:00:03 ; elapsed = 00:00:00.55 . Memory (MB): peak = 5118.016 ; gain = 0.000 ; free physical = 8818 ; free virtual = 24596
Wrote PlaceStorage: Time (s): cpu = 00:00:14 ; elapsed = 00:00:05 . Memory (MB): peak = 5118.016 ; gain = 0.000 ; free physical = 8780 ; free virtual = 24586
Wrote Netlist Cache: Time (s): cpu = 00:00:00.65 ; elapsed = 00:00:00.3 . Memory (MB): peak = 5118.016 ; gain = 0.000 ; free physical = 8789 ; free virtual = 24601
Wrote Device Cache: Time (s): cpu = 00:00:00.29 ; elapsed = 00:00:00.14 . Memory (MB): peak = 5118.016 ; gain = 0.000 ; free physical = 8788 ; free virtual = 24604
Write Physdb Complete: Time (s): cpu = 00:00:17 ; elapsed = 00:00:06 . Memory (MB): peak = 5118.016 ; gain = 0.000 ; free physical = 8788 ; free virtual = 24604
INFO: [Common 17-1381] The checkpoint '/home/lachlan/multicam-kria-k26/build-hw/myproj/project_1.runs/impl_1/design_1_wrapper_physopt.dcp' has been generated.
write_checkpoint: Time (s): cpu = 00:00:33 ; elapsed = 00:00:19 . Memory (MB): peak = 5118.016 ; gain = 0.000 ; free physical = 9401 ; free virtual = 25305
Command: route_design
Attempting to get a license for feature 'Vivado_Implementation' and/or device 'xck26'
INFO: [Common 17-349] Got license for feature 'Vivado_Implementation' and/or device 'xck26'


Starting Routing Task
INFO: [Route 35-254] Multithreading enabled for route_design using a maximum of 8 CPUs

Phase 1 Build RT Design
Checksum: PlaceDB: 54a7306f ConstDB: 0 ShapeSum: aa8cbc74 RouteDB: 57653dd3
Nodegraph reading from file.  Time (s): cpu = 00:00:01 ; elapsed = 00:00:01 . Memory (MB): peak = 5118.016 ; gain = 0.000 ; free physical = 9348 ; free virtual = 25289
Post Restoration Checksum: NetGraph: 358fb78 | NumContArr: dde51e8e | Constraints: 153f6f24 | Timing: c2a8fa9d
Phase 1 Build RT Design | Checksum: 1b92683c7

Time (s): cpu = 00:02:12 ; elapsed = 00:00:23 . Memory (MB): peak = 5118.016 ; gain = 0.000 ; free physical = 9328 ; free virtual = 25282

Phase 2 Router Initialization

Phase 2.1 Fix Topology Constraints
Phase 2.1 Fix Topology Constraints | Checksum: 1b92683c7

Time (s): cpu = 00:02:13 ; elapsed = 00:00:23 . Memory (MB): peak = 5118.016 ; gain = 0.000 ; free physical = 9336 ; free virtual = 25291

Phase 2.2 Pre Route Cleanup
Phase 2.2 Pre Route Cleanup | Checksum: 1b92683c7

Time (s): cpu = 00:02:13 ; elapsed = 00:00:23 . Memory (MB): peak = 5118.016 ; gain = 0.000 ; free physical = 9336 ; free virtual = 25291

Phase 2.3 Global Clock Net Routing
 Number of Nodes with overlaps = 0
Phase 2.3 Global Clock Net Routing | Checksum: 20ffa2603

Time (s): cpu = 00:02:25 ; elapsed = 00:00:28 . Memory (MB): peak = 5118.016 ; gain = 0.000 ; free physical = 9211 ; free virtual = 25169

Phase 2.4 Update Timing
Phase 2.4 Update Timing | Checksum: 19ee33192

Time (s): cpu = 00:03:20 ; elapsed = 00:00:45 . Memory (MB): peak = 5118.016 ; gain = 0.000 ; free physical = 8860 ; free virtual = 24817
INFO: [Route 35-416] Intermediate Timing Summary | WNS=1.379  | TNS=0.000  | WHS=-0.085 | THS=-388.335|


Phase 2.5 Update Timing for Bus Skew

Phase 2.5.1 Update Timing
Phase 2.5.1 Update Timing | Checksum: 15eaab18d

Time (s): cpu = 00:05:33 ; elapsed = 00:01:12 . Memory (MB): peak = 5118.016 ; gain = 0.000 ; free physical = 9045 ; free virtual = 25009
INFO: [Route 35-416] Intermediate Timing Summary | WNS=1.379  | TNS=0.000  | WHS=-0.095 | THS=-20.033|

Phase 2.5 Update Timing for Bus Skew | Checksum: 11c8ec165

Time (s): cpu = 00:05:33 ; elapsed = 00:01:12 . Memory (MB): peak = 5118.016 ; gain = 0.000 ; free physical = 9037 ; free virtual = 25001

Phase 2.6 Soft Constraint Pins - Fast Budgeting
Phase 2.6 Soft Constraint Pins - Fast Budgeting | Checksum: 11c8ec165

Time (s): cpu = 00:05:34 ; elapsed = 00:01:12 . Memory (MB): peak = 5118.016 ; gain = 0.000 ; free physical = 9029 ; free virtual = 24992

Router Utilization Summary
  Global Vertical Routing Utilization    = 0.000297247 %
  Global Horizontal Routing Utilization  = 0.000141595 %
  Routable Net Status*
  *Does not include unroutable nets such as driverless and loadless.
  Run report_route_status for detailed report.
  Number of Failed Nets               = 37243
    (Failed Nets is the sum of unrouted and partially routed nets)
  Number of Unrouted Nets             = 32077
  Number of Partially Routed Nets     = 5166
  Number of Node Overlaps             = 1

Phase 2 Router Initialization | Checksum: 169417e9b

Time (s): cpu = 00:05:44 ; elapsed = 00:01:15 . Memory (MB): peak = 5118.016 ; gain = 0.000 ; free physical = 8955 ; free virtual = 24917

Phase 3 Global Routing
Phase 3 Global Routing | Checksum: 169417e9b

Time (s): cpu = 00:05:44 ; elapsed = 00:01:15 . Memory (MB): peak = 5118.016 ; gain = 0.000 ; free physical = 8954 ; free virtual = 24916

Phase 4 Initial Routing

Phase 4.1 Initial Net Routing Pass
Phase 4.1 Initial Net Routing Pass | Checksum: cc0a6900

Time (s): cpu = 00:06:32 ; elapsed = 00:01:28 . Memory (MB): peak = 5118.016 ; gain = 0.000 ; free physical = 8679 ; free virtual = 24628
Phase 4 Initial Routing | Checksum: 1a1fd30d7

Time (s): cpu = 00:06:35 ; elapsed = 00:01:29 . Memory (MB): peak = 5118.016 ; gain = 0.000 ; free physical = 8679 ; free virtual = 24628

Phase 5 Rip-up And Reroute

Phase 5.1 Global Iteration 0
 Number of Nodes with overlaps = 7655
 Number of Nodes with overlaps = 556
 Number of Nodes with overlaps = 58
 Number of Nodes with overlaps = 9
 Number of Nodes with overlaps = 1
 Number of Nodes with overlaps = 0
INFO: [Route 35-416] Intermediate Timing Summary | WNS=0.974  | TNS=0.000  | WHS=-0.059 | THS=-1.487 |

Phase 5.1 Global Iteration 0 | Checksum: 17e1edff7

Time (s): cpu = 00:11:18 ; elapsed = 00:02:57 . Memory (MB): peak = 5118.016 ; gain = 0.000 ; free physical = 7679 ; free virtual = 23677

Phase 5.2 Global Iteration 1
 Number of Nodes with overlaps = 0
INFO: [Route 35-416] Intermediate Timing Summary | WNS=0.974  | TNS=0.000  | WHS=N/A    | THS=N/A    |

Phase 5.2 Global Iteration 1 | Checksum: 172acee58

Time (s): cpu = 00:11:45 ; elapsed = 00:03:06 . Memory (MB): peak = 5118.016 ; gain = 0.000 ; free physical = 7235 ; free virtual = 23274
Phase 5 Rip-up And Reroute | Checksum: 172acee58

Time (s): cpu = 00:11:46 ; elapsed = 00:03:06 . Memory (MB): peak = 5118.016 ; gain = 0.000 ; free physical = 7224 ; free virtual = 23262

Phase 6 Delay and Skew Optimization

Phase 6.1 Delay CleanUp
INFO: [Route 35-416] Intermediate Timing Summary | WNS=0.974  | TNS=0.000  | WHS=0.010  | THS=0.000  |

INFO: [Route 35-416] Intermediate Timing Summary | WNS=0.974  | TNS=0.000  | WHS=0.010  | THS=0.000  |

Phase 6.1 Delay CleanUp | Checksum: 1881417dc

Time (s): cpu = 00:12:52 ; elapsed = 00:03:39 . Memory (MB): peak = 5118.016 ; gain = 0.000 ; free physical = 4884 ; free virtual = 20981

Phase 6.2 Clock Skew Optimization
Phase 6.2 Clock Skew Optimization | Checksum: 1881417dc

Time (s): cpu = 00:12:53 ; elapsed = 00:03:39 . Memory (MB): peak = 5118.016 ; gain = 0.000 ; free physical = 4874 ; free virtual = 20968
Phase 6 Delay and Skew Optimization | Checksum: 1881417dc

Time (s): cpu = 00:12:53 ; elapsed = 00:03:39 . Memory (MB): peak = 5118.016 ; gain = 0.000 ; free physical = 4855 ; free virtual = 20950

Phase 7 Post Hold Fix

Phase 7.1 Hold Fix Iter
INFO: [Route 35-416] Intermediate Timing Summary | WNS=0.974  | TNS=0.000  | WHS=0.010  | THS=0.000  |

Phase 7.1 Hold Fix Iter | Checksum: 1dc50262e

Time (s): cpu = 00:13:40 ; elapsed = 00:04:00 . Memory (MB): peak = 5118.016 ; gain = 0.000 ; free physical = 2615 ; free virtual = 18771
Phase 7 Post Hold Fix | Checksum: 1dc50262e

Time (s): cpu = 00:13:41 ; elapsed = 00:04:00 . Memory (MB): peak = 5118.016 ; gain = 0.000 ; free physical = 2604 ; free virtual = 18759

Phase 8 Route finalize

Router Utilization Summary
  Global Vertical Routing Utilization    = 3.04774 %
  Global Horizontal Routing Utilization  = 3.98764 %
  Routable Net Status*
  *Does not include unroutable nets such as driverless and loadless.
  Run report_route_status for detailed report.
  Number of Failed Nets               = 0
    (Failed Nets is the sum of unrouted and partially routed nets)
  Number of Unrouted Nets             = 0
  Number of Partially Routed Nets     = 0
  Number of Node Overlaps             = 0

Phase 8 Route finalize | Checksum: 1dc50262e

Time (s): cpu = 00:13:45 ; elapsed = 00:04:03 . Memory (MB): peak = 5118.016 ; gain = 0.000 ; free physical = 2264 ; free virtual = 18400

Phase 9 Verifying routed nets

 Verification completed successfully
Phase 9 Verifying routed nets | Checksum: 1dc50262e

Time (s): cpu = 00:13:46 ; elapsed = 00:04:04 . Memory (MB): peak = 5118.016 ; gain = 0.000 ; free physical = 2164 ; free virtual = 18296

Phase 10 Depositing Routes
Phase 10 Depositing Routes | Checksum: 1dc50262e

Time (s): cpu = 00:14:09 ; elapsed = 00:04:24 . Memory (MB): peak = 5118.016 ; gain = 0.000 ; free physical = 949 ; free virtual = 17140

Phase 11 Resolve XTalk
Phase 11 Resolve XTalk | Checksum: 1dc50262e

Time (s): cpu = 00:14:10 ; elapsed = 00:04:24 . Memory (MB): peak = 5118.016 ; gain = 0.000 ; free physical = 958 ; free virtual = 17149

Phase 12 Post Process Routing
Phase 12 Post Process Routing | Checksum: 1dc50262e

Time (s): cpu = 00:14:12 ; elapsed = 00:04:25 . Memory (MB): peak = 5118.016 ; gain = 0.000 ; free physical = 957 ; free virtual = 17139

Phase 13 Post Router Timing
INFO: [Route 35-57] Estimated Timing Summary | WNS=0.974  | TNS=0.000  | WHS=0.010  | THS=0.000  |

INFO: [Route 35-327] The final timing numbers are based on the router estimated timing analysis. For a complete and accurate timing signoff, please run report_timing_summary.
Phase 13 Post Router Timing | Checksum: 1dc50262e

Time (s): cpu = 00:14:12 ; elapsed = 00:04:25 . Memory (MB): peak = 5118.016 ; gain = 0.000 ; free physical = 960 ; free virtual = 17143
Total Elapsed time in route_design: 265.19 secs

Phase 14 Post-Route Event Processing
Phase 14 Post-Route Event Processing | Checksum: 19fa0181f

Time (s): cpu = 00:14:13 ; elapsed = 00:04:25 . Memory (MB): peak = 5118.016 ; gain = 0.000 ; free physical = 961 ; free virtual = 17143
INFO: [Route 35-16] Router Completed Successfully
Ending Routing Task | Checksum: 19fa0181f

Time (s): cpu = 00:14:13 ; elapsed = 00:04:26 . Memory (MB): peak = 5118.016 ; gain = 0.000 ; free physical = 960 ; free virtual = 17143

Routing Is Done.
INFO: [Common 17-83] Releasing license: Vivado_Implementation
121 Infos, 64 Warnings, 0 Critical Warnings and 0 Errors encountered.
route_design completed successfully
route_design: Time (s): cpu = 00:14:14 ; elapsed = 00:04:27 . Memory (MB): peak = 5118.016 ; gain = 0.000 ; free physical = 930 ; free virtual = 17133
INFO: [Vivado 12-24828] Executing command : report_drc -file design_1_wrapper_drc_routed.rpt -pb design_1_wrapper_drc_routed.pb -rpx design_1_wrapper_drc_routed.rpx
Command: report_drc -file design_1_wrapper_drc_routed.rpt -pb design_1_wrapper_drc_routed.pb -rpx design_1_wrapper_drc_routed.rpx
INFO: [IP_Flow 19-1839] IP Catalog is up to date.
INFO: [DRC 23-27] Running DRC with 8 threads
INFO: [Vivado_Tcl 2-168] The results of DRC are in file /home/lachlan/multicam-kria-k26/build-hw/myproj/project_1.runs/impl_1/design_1_wrapper_drc_routed.rpt.
report_drc completed successfully
report_drc: Time (s): cpu = 00:02:49 ; elapsed = 00:00:52 . Memory (MB): peak = 5118.016 ; gain = 0.000 ; free physical = 341 ; free virtual = 16348
INFO: [Vivado 12-24828] Executing command : report_methodology -file design_1_wrapper_methodology_drc_routed.rpt -pb design_1_wrapper_methodology_drc_routed.pb -rpx design_1_wrapper_methodology_drc_routed.rpx
Command: report_methodology -file design_1_wrapper_methodology_drc_routed.rpt -pb design_1_wrapper_methodology_drc_routed.pb -rpx design_1_wrapper_methodology_drc_routed.rpx
INFO: [Timing 38-35] Done setting XDC timing constraints.
INFO: [DRC 23-133] Running Methodology with 8 threads
INFO: [Vivado_Tcl 2-1520] The results of Report Methodology are in file /home/lachlan/multicam-kria-k26/build-hw/myproj/project_1.runs/impl_1/design_1_wrapper_methodology_drc_routed.rpt.
report_methodology completed successfully
report_methodology: Time (s): cpu = 00:02:47 ; elapsed = 00:00:33 . Memory (MB): peak = 5118.016 ; gain = 0.000 ; free physical = 325 ; free virtual = 15975
INFO: [Vivado 12-24828] Executing command : report_timing_summary -max_paths 10 -routable_nets -report_unconstrained -file design_1_wrapper_timing_summary_routed.rpt -pb design_1_wrapper_timing_summary_routed.pb -rpx design_1_wrapper_timing_summary_routed.rpx -warn_on_violation 
INFO: [Timing 38-35] Done setting XDC timing constraints.
INFO: [Timing 38-91] UpdateTimingParams: Speed grade: -2LV, Temperature grade: C, Delay Type: min_max.
INFO: [Timing 38-191] Multithreading enabled for timing update using a maximum of 8 CPUs
WARNING: [Timing 38-436] There are set_bus_skew constraint(s) in this design. Please run report_bus_skew to ensure that bus skew requirements are met.
report_timing_summary: Time (s): cpu = 00:01:11 ; elapsed = 00:00:30 . Memory (MB): peak = 5118.016 ; gain = 0.000 ; free physical = 480 ; free virtual = 15813
INFO: [Vivado 12-24838] Running report commands "report_bus_skew, report_incremental_reuse, report_route_status" in parallel.
Running report generation with 3 threads.
INFO: [Vivado 12-24828] Executing command : report_incremental_reuse -file design_1_wrapper_incremental_reuse_routed.rpt
INFO: [Vivado_Tcl 4-1062] Incremental flow is disabled. No incremental reuse Info to report.
INFO: [Vivado 12-24828] Executing command : report_bus_skew -warn_on_violation -file design_1_wrapper_bus_skew_routed.rpt -pb design_1_wrapper_bus_skew_routed.pb -rpx design_1_wrapper_bus_skew_routed.rpx
INFO: [Timing 38-91] UpdateTimingParams: Speed grade: -2LV, Temperature grade: C, Delay Type: min_max.
INFO: [Timing 38-191] Multithreading enabled for timing update using a maximum of 8 CPUs
INFO: [Vivado 12-24828] Executing command : report_route_status -file design_1_wrapper_route_status.rpt -pb design_1_wrapper_route_status.pb
INFO: [Vivado 12-24828] Executing command : report_power -file design_1_wrapper_power_routed.rpt -pb design_1_wrapper_power_summary_routed.pb -rpx design_1_wrapper_power_routed.rpx
Command: report_power -file design_1_wrapper_power_routed.rpt -pb design_1_wrapper_power_summary_routed.pb -rpx design_1_wrapper_power_routed.rpx
Running Vector-less Activity Propagation...

Finished Running Vector-less Activity Propagation
WARNING: [Power 33-332] Found switching activity that implies high-fanout reset nets being asserted for excessive periods of time which may result in inaccurate power analysis.
Resolution: To review and fix problems, please run Power Constraints Advisor in the GUI from Tools > Power Constraints Advisor or run report_power with the -advisory option to generate a text report.
141 Infos, 66 Warnings, 0 Critical Warnings and 0 Errors encountered.
report_power completed successfully
report_power: Time (s): cpu = 00:01:21 ; elapsed = 00:00:50 . Memory (MB): peak = 5158.035 ; gain = 40.020 ; free physical = 1445 ; free virtual = 15751
INFO: [Vivado 12-24828] Executing command : report_clock_utilization -file design_1_wrapper_clock_utilization_routed.rpt
report_clock_utilization: Time (s): cpu = 00:00:14 ; elapsed = 00:00:14 . Memory (MB): peak = 5158.035 ; gain = 0.000 ; free physical = 1080 ; free virtual = 15783
generate_parallel_reports: Time (s): cpu = 00:08:23 ; elapsed = 00:03:00 . Memory (MB): peak = 5158.035 ; gain = 40.020 ; free physical = 1080 ; free virtual = 15783
INFO: [Timing 38-480] Writing timing data to binary archive.
Wrote PlaceDB: Time (s): cpu = 00:00:00 ; elapsed = 00:00:00 . Memory (MB): peak = 5158.035 ; gain = 0.000 ; free physical = 1111 ; free virtual = 15792
Wrote PulsedLatchDB: Time (s): cpu = 00:00:00 ; elapsed = 00:00:00 . Memory (MB): peak = 5158.035 ; gain = 0.000 ; free physical = 1111 ; free virtual = 15792
Writing XDEF routing.
Writing XDEF routing logical nets.
Write ShapeDB Complete: Time (s): cpu = 00:00:04 ; elapsed = 00:00:00.76 . Memory (MB): peak = 5158.035 ; gain = 0.000 ; free physical = 1099 ; free virtual = 15795
Writing XDEF routing special nets.
Wrote RouteStorage: Time (s): cpu = 00:00:10 ; elapsed = 00:00:02 . Memory (MB): peak = 5158.035 ; gain = 0.000 ; free physical = 1119 ; free virtual = 15827
Wrote PlaceStorage: Time (s): cpu = 00:00:10 ; elapsed = 00:00:04 . Memory (MB): peak = 5158.035 ; gain = 0.000 ; free physical = 1109 ; free virtual = 15849
Wrote Netlist Cache: Time (s): cpu = 00:00:00.44 ; elapsed = 00:00:00.16 . Memory (MB): peak = 5158.035 ; gain = 0.000 ; free physical = 1099 ; free virtual = 15844
Wrote Device Cache: Time (s): cpu = 00:00:00.21 ; elapsed = 00:00:00.07 . Memory (MB): peak = 5158.035 ; gain = 0.000 ; free physical = 1099 ; free virtual = 15847
Write Physdb Complete: Time (s): cpu = 00:00:21 ; elapsed = 00:00:06 . Memory (MB): peak = 5158.035 ; gain = 0.000 ; free physical = 1099 ; free virtual = 15848
INFO: [Common 17-1381] The checkpoint '/home/lachlan/multicam-kria-k26/build-hw/myproj/project_1.runs/impl_1/design_1_wrapper_routed.dcp' has been generated.
write_checkpoint: Time (s): cpu = 00:00:29 ; elapsed = 00:00:14 . Memory (MB): peak = 5158.035 ; gain = 0.000 ; free physical = 1486 ; free virtual = 15802

WARNING::74 - Unsupported FPGA device name 'xck26-sfvc784-2LV-c'. Verify that the specified device is a valid customer supported device.
-p xck26-sfvc784-2LV-c
   ^

INFO: [Memdata 28-167] Found XPM memory block design_1_i/mipi_csi2_rx_subsyst_0/inst/rx/mipi_csi2_rx_ctrl_v1_0_16_top_dut/gen_pkt_fifo/pkt_fifo/gnuram_async_fifo.xpm_fifo_base_inst/gen_sdpram.xpm_memory_base_inst with a P_MEMORY_PRIMITIVE property set to auto. A value of block is required. You will not be able to use the updatemem program to update the bitstream with new data for the design_1_i/mipi_csi2_rx_subsyst_0/inst/rx/mipi_csi2_rx_ctrl_v1_0_16_top_dut/gen_pkt_fifo/pkt_fifo/gnuram_async_fifo.xpm_fifo_base_inst/gen_sdpram.xpm_memory_base_inst block.
INFO: [Memdata 28-208] The XPM instance: <design_1_i/mipi_csi2_rx_subsyst_0/inst/rx/mipi_csi2_rx_ctrl_v1_0_16_top_dut/RX_1500M.line_buffer/line_buf/xpm_fifo_base_inst/gen_sdpram.xpm_memory_base_inst> is part of IP: <design_1_i/mipi_csi2_rx_subsyst_0/inst>. This XPM instance will be excluded from the .mmi because updatemem is prohibited from making changes to an XPM that is part of an IP.
INFO: [Memdata 28-167] Found XPM memory block design_1_i/mipi_csi2_rx_subsyst_0/inst/rx/mipi_csi2_rx_ctrl_v1_0_16_top_dut/LANE_2.ppi_fifo1/CSI_OPT3_OFF.ppi_fifo/xpm_fifo_base_inst/gen_sdpram.xpm_memory_base_inst with a P_MEMORY_PRIMITIVE property set to auto. A value of block is required. You will not be able to use the updatemem program to update the bitstream with new data for the design_1_i/mipi_csi2_rx_subsyst_0/inst/rx/mipi_csi2_rx_ctrl_v1_0_16_top_dut/LANE_2.ppi_fifo1/CSI_OPT3_OFF.ppi_fifo/xpm_fifo_base_inst/gen_sdpram.xpm_memory_base_inst block.
INFO: [Memdata 28-167] Found XPM memory block design_1_i/mipi_csi2_rx_subsyst_0/inst/rx/mipi_csi2_rx_ctrl_v1_0_16_top_dut/LANE_1.ppi_fifo0/CSI_OPT3_OFF.ppi_fifo/xpm_fifo_base_inst/gen_sdpram.xpm_memory_base_inst with a P_MEMORY_PRIMITIVE property set to auto. A value of block is required. You will not be able to use the updatemem program to update the bitstream with new data for the design_1_i/mipi_csi2_rx_subsyst_0/inst/rx/mipi_csi2_rx_ctrl_v1_0_16_top_dut/LANE_1.ppi_fifo0/CSI_OPT3_OFF.ppi_fifo/xpm_fifo_base_inst/gen_sdpram.xpm_memory_base_inst block.
INFO: [Memdata 28-167] Found XPM memory block design_1_i/mipi_csi2_rx_subsyst_0/inst/rx/mipi_csi2_rx_ctrl_v1_0_16_top_dut/AXI_LITE.reg_inf/gen_spkt_fifo/generic_pkt/gnuram_async_fifo.xpm_fifo_base_inst/gen_sdpram.xpm_memory_base_inst with a P_MEMORY_PRIMITIVE property set to auto. A value of block is required. You will not be able to use the updatemem program to update the bitstream with new data for the design_1_i/mipi_csi2_rx_subsyst_0/inst/rx/mipi_csi2_rx_ctrl_v1_0_16_top_dut/AXI_LITE.reg_inf/gen_spkt_fifo/generic_pkt/gnuram_async_fifo.xpm_fifo_base_inst/gen_sdpram.xpm_memory_base_inst block.
INFO: [Memdata 28-167] Found XPM memory block design_1_i/axi_smc/inst/s01_nodes/s01_w_node/inst/inst_mi_handler/gen_normal_area.inst_fifo_node_payld/gen_xpm_memory_fifo.inst_fifo/gen_mem_rep[0].inst_xpm_memory/xpm_memory_base_inst with a P_MEMORY_PRIMITIVE property set to distributed. A value of block is required. You will not be able to use the updatemem program to update the bitstream with new data for the design_1_i/axi_smc/inst/s01_nodes/s01_w_node/inst/inst_mi_handler/gen_normal_area.inst_fifo_node_payld/gen_xpm_memory_fifo.inst_fifo/gen_mem_rep[0].inst_xpm_memory/xpm_memory_base_inst block.
INFO: [Memdata 28-167] Found XPM memory block design_1_i/axi_smc/inst/s01_nodes/s01_w_node/inst/inst_mi_handler/gen_normal_area.gen_fifo_req.inst_fifo_req/gen_xpm_memory_fifo.inst_fifo/gen_mem_rep[0].inst_xpm_memory/xpm_memory_base_inst with a P_MEMORY_PRIMITIVE property set to distributed. A value of block is required. You will not be able to use the updatemem program to update the bitstream with new data for the design_1_i/axi_smc/inst/s01_nodes/s01_w_node/inst/inst_mi_handler/gen_normal_area.gen_fifo_req.inst_fifo_req/gen_xpm_memory_fifo.inst_fifo/gen_mem_rep[0].inst_xpm_memory/xpm_memory_base_inst block.
INFO: [Memdata 28-167] Found XPM memory block design_1_i/axi_smc/inst/s01_nodes/s01_r_node/inst/inst_mi_handler/gen_normal_area.inst_fifo_node_payld/gen_xpm_memory_fifo.inst_fifo/gen_mem_rep[0].inst_xpm_memory/xpm_memory_base_inst with a P_MEMORY_PRIMITIVE property set to distributed. A value of block is required. You will not be able to use the updatemem program to update the bitstream with new data for the design_1_i/axi_smc/inst/s01_nodes/s01_r_node/inst/inst_mi_handler/gen_normal_area.inst_fifo_node_payld/gen_xpm_memory_fifo.inst_fifo/gen_mem_rep[0].inst_xpm_memory/xpm_memory_base_inst block.
INFO: [Memdata 28-167] Found XPM memory block design_1_i/axi_smc/inst/s01_nodes/s01_aw_node/inst/inst_mi_handler/gen_normal_area.inst_fifo_node_payld/gen_xpm_memory_fifo.inst_fifo/gen_mem_rep[0].inst_xpm_memory/xpm_memory_base_inst with a P_MEMORY_PRIMITIVE property set to distributed. A value of block is required. You will not be able to use the updatemem program to update the bitstream with new data for the design_1_i/axi_smc/inst/s01_nodes/s01_aw_node/inst/inst_mi_handler/gen_normal_area.inst_fifo_node_payld/gen_xpm_memory_fifo.inst_fifo/gen_mem_rep[0].inst_xpm_memory/xpm_memory_base_inst block.
INFO: [Memdata 28-167] Found XPM memory block design_1_i/axi_smc/inst/s01_nodes/s01_aw_node/inst/inst_mi_handler/gen_normal_area.gen_fifo_req.inst_fifo_req/gen_xpm_memory_fifo.inst_fifo/gen_mem_rep[0].inst_xpm_memory/xpm_memory_base_inst with a P_MEMORY_PRIMITIVE property set to distributed. A value of block is required. You will not be able to use the updatemem program to update the bitstream with new data for the design_1_i/axi_smc/inst/s01_nodes/s01_aw_node/inst/inst_mi_handler/gen_normal_area.gen_fifo_req.inst_fifo_req/gen_xpm_memory_fifo.inst_fifo/gen_mem_rep[0].inst_xpm_memory/xpm_memory_base_inst block.
INFO: [Memdata 28-167] Found XPM memory block design_1_i/axi_smc/inst/s01_nodes/s01_ar_node/inst/inst_mi_handler/gen_normal_area.inst_fifo_node_payld/gen_xpm_memory_fifo.inst_fifo/gen_mem_rep[0].inst_xpm_memory/xpm_memory_base_inst with a P_MEMORY_PRIMITIVE property set to distributed. A value of block is required. You will not be able to use the updatemem program to update the bitstream with new data for the design_1_i/axi_smc/inst/s01_nodes/s01_ar_node/inst/inst_mi_handler/gen_normal_area.inst_fifo_node_payld/gen_xpm_memory_fifo.inst_fifo/gen_mem_rep[0].inst_xpm_memory/xpm_memory_base_inst block.
INFO: [Memdata 28-167] Found XPM memory block design_1_i/axi_smc/inst/s01_nodes/s01_ar_node/inst/inst_mi_handler/gen_normal_area.gen_fifo_req.inst_fifo_req/gen_xpm_memory_fifo.inst_fifo/gen_mem_rep[0].inst_xpm_memory/xpm_memory_base_inst with a P_MEMORY_PRIMITIVE property set to distributed. A value of block is required. You will not be able to use the updatemem program to update the bitstream with new data for the design_1_i/axi_smc/inst/s01_nodes/s01_ar_node/inst/inst_mi_handler/gen_normal_area.gen_fifo_req.inst_fifo_req/gen_xpm_memory_fifo.inst_fifo/gen_mem_rep[0].inst_xpm_memory/xpm_memory_base_inst block.
INFO: [Memdata 28-167] Found XPM memory block design_1_i/axi_smc/inst/s00_nodes/s00_w_node/inst/inst_mi_handler/gen_normal_area.inst_fifo_node_payld/gen_xpm_memory_fifo.inst_fifo/gen_mem_rep[0].inst_xpm_memory/xpm_memory_base_inst with a P_MEMORY_PRIMITIVE property set to distributed. A value of block is required. You will not be able to use the updatemem program to update the bitstream with new data for the design_1_i/axi_smc/inst/s00_nodes/s00_w_node/inst/inst_mi_handler/gen_normal_area.inst_fifo_node_payld/gen_xpm_memory_fifo.inst_fifo/gen_mem_rep[0].inst_xpm_memory/xpm_memory_base_inst block.
INFO: [Memdata 28-167] Found XPM memory block design_1_i/axi_smc/inst/s00_nodes/s00_w_node/inst/inst_mi_handler/gen_normal_area.gen_fifo_req.inst_fifo_req/gen_xpm_memory_fifo.inst_fifo/gen_mem_rep[0].inst_xpm_memory/xpm_memory_base_inst with a P_MEMORY_PRIMITIVE property set to distributed. A value of block is required. You will not be able to use the updatemem program to update the bitstream with new data for the design_1_i/axi_smc/inst/s00_nodes/s00_w_node/inst/inst_mi_handler/gen_normal_area.gen_fifo_req.inst_fifo_req/gen_xpm_memory_fifo.inst_fifo/gen_mem_rep[0].inst_xpm_memory/xpm_memory_base_inst block.
INFO: [Memdata 28-167] Found XPM memory block design_1_i/axi_smc/inst/s00_nodes/s00_r_node/inst/inst_mi_handler/gen_normal_area.inst_fifo_node_payld/gen_xpm_memory_fifo.inst_fifo/gen_mem_rep[0].inst_xpm_memory/xpm_memory_base_inst with a P_MEMORY_PRIMITIVE property set to distributed. A value of block is required. You will not be able to use the updatemem program to update the bitstream with new data for the design_1_i/axi_smc/inst/s00_nodes/s00_r_node/inst/inst_mi_handler/gen_normal_area.inst_fifo_node_payld/gen_xpm_memory_fifo.inst_fifo/gen_mem_rep[0].inst_xpm_memory/xpm_memory_base_inst block.
INFO: [Memdata 28-167] Found XPM memory block design_1_i/axi_smc/inst/s00_nodes/s00_b_node/inst/inst_mi_handler/gen_normal_area.inst_fifo_node_payld/gen_xpm_memory_fifo.inst_fifo/gen_mem_rep[0].inst_xpm_memory/xpm_memory_base_inst with a P_MEMORY_PRIMITIVE property set to distributed. A value of block is required. You will not be able to use the updatemem program to update the bitstream with new data for the design_1_i/axi_smc/inst/s00_nodes/s00_b_node/inst/inst_mi_handler/gen_normal_area.inst_fifo_node_payld/gen_xpm_memory_fifo.inst_fifo/gen_mem_rep[0].inst_xpm_memory/xpm_memory_base_inst block.
INFO: [Memdata 28-167] Found XPM memory block design_1_i/axi_smc/inst/s00_nodes/s00_aw_node/inst/inst_mi_handler/gen_normal_area.inst_fifo_node_payld/gen_xpm_memory_fifo.inst_fifo/gen_mem_rep[0].inst_xpm_memory/xpm_memory_base_inst with a P_MEMORY_PRIMITIVE property set to distributed. A value of block is required. You will not be able to use the updatemem program to update the bitstream with new data for the design_1_i/axi_smc/inst/s00_nodes/s00_aw_node/inst/inst_mi_handler/gen_normal_area.inst_fifo_node_payld/gen_xpm_memory_fifo.inst_fifo/gen_mem_rep[0].inst_xpm_memory/xpm_memory_base_inst block.
INFO: [Memdata 28-167] Found XPM memory block design_1_i/axi_smc/inst/s00_nodes/s00_aw_node/inst/inst_mi_handler/gen_normal_area.gen_fifo_req.inst_fifo_req/gen_xpm_memory_fifo.inst_fifo/gen_mem_rep[0].inst_xpm_memory/xpm_memory_base_inst with a P_MEMORY_PRIMITIVE property set to distributed. A value of block is required. You will not be able to use the updatemem program to update the bitstream with new data for the design_1_i/axi_smc/inst/s00_nodes/s00_aw_node/inst/inst_mi_handler/gen_normal_area.gen_fifo_req.inst_fifo_req/gen_xpm_memory_fifo.inst_fifo/gen_mem_rep[0].inst_xpm_memory/xpm_memory_base_inst block.
INFO: [Memdata 28-167] Found XPM memory block design_1_i/axi_smc/inst/s00_nodes/s00_ar_node/inst/inst_mi_handler/gen_normal_area.inst_fifo_node_payld/gen_xpm_memory_fifo.inst_fifo/gen_mem_rep[0].inst_xpm_memory/xpm_memory_base_inst with a P_MEMORY_PRIMITIVE property set to distributed. A value of block is required. You will not be able to use the updatemem program to update the bitstream with new data for the design_1_i/axi_smc/inst/s00_nodes/s00_ar_node/inst/inst_mi_handler/gen_normal_area.inst_fifo_node_payld/gen_xpm_memory_fifo.inst_fifo/gen_mem_rep[0].inst_xpm_memory/xpm_memory_base_inst block.
INFO: [Memdata 28-167] Found XPM memory block design_1_i/axi_smc/inst/s00_nodes/s00_ar_node/inst/inst_mi_handler/gen_normal_area.gen_fifo_req.inst_fifo_req/gen_xpm_memory_fifo.inst_fifo/gen_mem_rep[0].inst_xpm_memory/xpm_memory_base_inst with a P_MEMORY_PRIMITIVE property set to distributed. A value of block is required. You will not be able to use the updatemem program to update the bitstream with new data for the design_1_i/axi_smc/inst/s00_nodes/s00_ar_node/inst/inst_mi_handler/gen_normal_area.gen_fifo_req.inst_fifo_req/gen_xpm_memory_fifo.inst_fifo/gen_mem_rep[0].inst_xpm_memory/xpm_memory_base_inst block.
INFO: [Memdata 28-167] Found XPM memory block design_1_i/axi_smc/inst/m04_nodes/m04_w_node/inst/inst_si_handler/gen_si_handler.gen_request_fifos.gen_req_fifo[0].inst_req_fifo/gen_xpm_memory_fifo.inst_fifo/gen_mem_rep[0].inst_xpm_memory/xpm_memory_base_inst with a P_MEMORY_PRIMITIVE property set to distributed. A value of block is required. You will not be able to use the updatemem program to update the bitstream with new data for the design_1_i/axi_smc/inst/m04_nodes/m04_w_node/inst/inst_si_handler/gen_si_handler.gen_request_fifos.gen_req_fifo[0].inst_req_fifo/gen_xpm_memory_fifo.inst_fifo/gen_mem_rep[0].inst_xpm_memory/xpm_memory_base_inst block.
INFO: [Memdata 28-167] Found XPM memory block design_1_i/axi_smc/inst/m04_nodes/m04_w_node/inst/inst_mi_handler/gen_normal_area.inst_fifo_node_payld/gen_xpm_memory_fifo.inst_fifo/gen_mem_rep[0].inst_xpm_memory/xpm_memory_base_inst with a P_MEMORY_PRIMITIVE property set to distributed. A value of block is required. You will not be able to use the updatemem program to update the bitstream with new data for the design_1_i/axi_smc/inst/m04_nodes/m04_w_node/inst/inst_mi_handler/gen_normal_area.inst_fifo_node_payld/gen_xpm_memory_fifo.inst_fifo/gen_mem_rep[0].inst_xpm_memory/xpm_memory_base_inst block.
INFO: [Memdata 28-167] Found XPM memory block design_1_i/axi_smc/inst/m04_nodes/m04_r_node/inst/inst_mi_handler/gen_normal_area.inst_fifo_node_payld/gen_xpm_memory_fifo.inst_fifo/gen_mem_rep[0].inst_xpm_memory/xpm_memory_base_inst with a P_MEMORY_PRIMITIVE property set to distributed. A value of block is required. You will not be able to use the updatemem program to update the bitstream with new data for the design_1_i/axi_smc/inst/m04_nodes/m04_r_node/inst/inst_mi_handler/gen_normal_area.inst_fifo_node_payld/gen_xpm_memory_fifo.inst_fifo/gen_mem_rep[0].inst_xpm_memory/xpm_memory_base_inst block.
INFO: [Memdata 28-167] Found XPM memory block design_1_i/axi_smc/inst/m04_nodes/m04_r_node/inst/inst_mi_handler/gen_normal_area.gen_fifo_req.inst_fifo_req/gen_xpm_memory_fifo.inst_fifo/gen_mem_rep[0].inst_xpm_memory/xpm_memory_base_inst with a P_MEMORY_PRIMITIVE property set to distributed. A value of block is required. You will not be able to use the updatemem program to update the bitstream with new data for the design_1_i/axi_smc/inst/m04_nodes/m04_r_node/inst/inst_mi_handler/gen_normal_area.gen_fifo_req.inst_fifo_req/gen_xpm_memory_fifo.inst_fifo/gen_mem_rep[0].inst_xpm_memory/xpm_memory_base_inst block.
INFO: [Memdata 28-167] Found XPM memory block design_1_i/axi_smc/inst/m04_nodes/m04_b_node/inst/inst_mi_handler/gen_normal_area.inst_fifo_node_payld/gen_xpm_memory_fifo.inst_fifo/gen_mem_rep[0].inst_xpm_memory/xpm_memory_base_inst with a P_MEMORY_PRIMITIVE property set to distributed. A value of block is required. You will not be able to use the updatemem program to update the bitstream with new data for the design_1_i/axi_smc/inst/m04_nodes/m04_b_node/inst/inst_mi_handler/gen_normal_area.inst_fifo_node_payld/gen_xpm_memory_fifo.inst_fifo/gen_mem_rep[0].inst_xpm_memory/xpm_memory_base_inst block.
INFO: [Memdata 28-167] Found XPM memory block design_1_i/axi_smc/inst/m04_nodes/m04_b_node/inst/inst_mi_handler/gen_normal_area.gen_fifo_req.inst_fifo_req/gen_xpm_memory_fifo.inst_fifo/gen_mem_rep[0].inst_xpm_memory/xpm_memory_base_inst with a P_MEMORY_PRIMITIVE property set to distributed. A value of block is required. You will not be able to use the updatemem program to update the bitstream with new data for the design_1_i/axi_smc/inst/m04_nodes/m04_b_node/inst/inst_mi_handler/gen_normal_area.gen_fifo_req.inst_fifo_req/gen_xpm_memory_fifo.inst_fifo/gen_mem_rep[0].inst_xpm_memory/xpm_memory_base_inst block.
INFO: [Memdata 28-167] Found XPM memory block design_1_i/axi_smc/inst/m04_nodes/m04_aw_node/inst/inst_mi_handler/gen_normal_area.inst_fifo_node_payld/gen_xpm_memory_fifo.inst_fifo/gen_mem_rep[0].inst_xpm_memory/xpm_memory_base_inst with a P_MEMORY_PRIMITIVE property set to distributed. A value of block is required. You will not be able to use the updatemem program to update the bitstream with new data for the design_1_i/axi_smc/inst/m04_nodes/m04_aw_node/inst/inst_mi_handler/gen_normal_area.inst_fifo_node_payld/gen_xpm_memory_fifo.inst_fifo/gen_mem_rep[0].inst_xpm_memory/xpm_memory_base_inst block.
INFO: [Memdata 28-167] Found XPM memory block design_1_i/axi_smc/inst/m04_nodes/m04_ar_node/inst/inst_mi_handler/gen_normal_area.inst_fifo_node_payld/gen_xpm_memory_fifo.inst_fifo/gen_mem_rep[0].inst_xpm_memory/xpm_memory_base_inst with a P_MEMORY_PRIMITIVE property set to distributed. A value of block is required. You will not be able to use the updatemem program to update the bitstream with new data for the design_1_i/axi_smc/inst/m04_nodes/m04_ar_node/inst/inst_mi_handler/gen_normal_area.inst_fifo_node_payld/gen_xpm_memory_fifo.inst_fifo/gen_mem_rep[0].inst_xpm_memory/xpm_memory_base_inst block.
INFO: [Memdata 28-167] Found XPM memory block design_1_i/axi_smc/inst/m03_nodes/m03_w_node/inst/inst_si_handler/gen_si_handler.gen_request_fifos.gen_req_fifo[1].inst_req_fifo/gen_xpm_memory_fifo.inst_fifo/gen_mem_rep[0].inst_xpm_memory/xpm_memory_base_inst with a P_MEMORY_PRIMITIVE property set to distributed. A value of block is required. You will not be able to use the updatemem program to update the bitstream with new data for the design_1_i/axi_smc/inst/m03_nodes/m03_w_node/inst/inst_si_handler/gen_si_handler.gen_request_fifos.gen_req_fifo[1].inst_req_fifo/gen_xpm_memory_fifo.inst_fifo/gen_mem_rep[0].inst_xpm_memory/xpm_memory_base_inst block.
INFO: [Memdata 28-167] Found XPM memory block design_1_i/axi_smc/inst/m03_nodes/m03_w_node/inst/inst_mi_handler/gen_normal_area.inst_fifo_node_payld/gen_xpm_memory_fifo.inst_fifo/gen_mem_rep[0].inst_xpm_memory/xpm_memory_base_inst with a P_MEMORY_PRIMITIVE property set to distributed. A value of block is required. You will not be able to use the updatemem program to update the bitstream with new data for the design_1_i/axi_smc/inst/m03_nodes/m03_w_node/inst/inst_mi_handler/gen_normal_area.inst_fifo_node_payld/gen_xpm_memory_fifo.inst_fifo/gen_mem_rep[0].inst_xpm_memory/xpm_memory_base_inst block.
INFO: [Memdata 28-167] Found XPM memory block design_1_i/axi_smc/inst/m03_nodes/m03_r_node/inst/inst_mi_handler/gen_normal_area.inst_fifo_node_payld/gen_xpm_memory_fifo.inst_fifo/gen_mem_rep[0].inst_xpm_memory/xpm_memory_base_inst with a P_MEMORY_PRIMITIVE property set to distributed. A value of block is required. You will not be able to use the updatemem program to update the bitstream with new data for the design_1_i/axi_smc/inst/m03_nodes/m03_r_node/inst/inst_mi_handler/gen_normal_area.inst_fifo_node_payld/gen_xpm_memory_fifo.inst_fifo/gen_mem_rep[0].inst_xpm_memory/xpm_memory_base_inst block.
INFO: [Memdata 28-167] Found XPM memory block design_1_i/axi_smc/inst/m03_nodes/m03_r_node/inst/inst_mi_handler/gen_normal_area.gen_fifo_req.inst_fifo_req/gen_xpm_memory_fifo.inst_fifo/gen_mem_rep[0].inst_xpm_memory/xpm_memory_base_inst with a P_MEMORY_PRIMITIVE property set to distributed. A value of block is required. You will not be able to use the updatemem program to update the bitstream with new data for the design_1_i/axi_smc/inst/m03_nodes/m03_r_node/inst/inst_mi_handler/gen_normal_area.gen_fifo_req.inst_fifo_req/gen_xpm_memory_fifo.inst_fifo/gen_mem_rep[0].inst_xpm_memory/xpm_memory_base_inst block.
INFO: [Memdata 28-167] Found XPM memory block design_1_i/axi_smc/inst/m03_nodes/m03_b_node/inst/inst_mi_handler/gen_normal_area.gen_fifo_req.inst_fifo_req/gen_xpm_memory_fifo.inst_fifo/gen_mem_rep[0].inst_xpm_memory/xpm_memory_base_inst with a P_MEMORY_PRIMITIVE property set to distributed. A value of block is required. You will not be able to use the updatemem program to update the bitstream with new data for the design_1_i/axi_smc/inst/m03_nodes/m03_b_node/inst/inst_mi_handler/gen_normal_area.gen_fifo_req.inst_fifo_req/gen_xpm_memory_fifo.inst_fifo/gen_mem_rep[0].inst_xpm_memory/xpm_memory_base_inst block.
INFO: [Memdata 28-167] Found XPM memory block design_1_i/axi_smc/inst/m03_nodes/m03_aw_node/inst/inst_mi_handler/gen_normal_area.inst_fifo_node_payld/gen_xpm_memory_fifo.inst_fifo/gen_mem_rep[0].inst_xpm_memory/xpm_memory_base_inst with a P_MEMORY_PRIMITIVE property set to distributed. A value of block is required. You will not be able to use the updatemem program to update the bitstream with new data for the design_1_i/axi_smc/inst/m03_nodes/m03_aw_node/inst/inst_mi_handler/gen_normal_area.inst_fifo_node_payld/gen_xpm_memory_fifo.inst_fifo/gen_mem_rep[0].inst_xpm_memory/xpm_memory_base_inst block.
INFO: [Memdata 28-167] Found XPM memory block design_1_i/axi_smc/inst/m03_nodes/m03_ar_node/inst/inst_mi_handler/gen_normal_area.inst_fifo_node_payld/gen_xpm_memory_fifo.inst_fifo/gen_mem_rep[0].inst_xpm_memory/xpm_memory_base_inst with a P_MEMORY_PRIMITIVE property set to distributed. A value of block is required. You will not be able to use the updatemem program to update the bitstream with new data for the design_1_i/axi_smc/inst/m03_nodes/m03_ar_node/inst/inst_mi_handler/gen_normal_area.inst_fifo_node_payld/gen_xpm_memory_fifo.inst_fifo/gen_mem_rep[0].inst_xpm_memory/xpm_memory_base_inst block.
INFO: [Memdata 28-167] Found XPM memory block design_1_i/axi_smc/inst/m02_nodes/m02_w_node/inst/inst_si_handler/gen_si_handler.gen_request_fifos.gen_req_fifo[0].inst_req_fifo/gen_xpm_memory_fifo.inst_fifo/gen_mem_rep[0].inst_xpm_memory/xpm_memory_base_inst with a P_MEMORY_PRIMITIVE property set to distributed. A value of block is required. You will not be able to use the updatemem program to update the bitstream with new data for the design_1_i/axi_smc/inst/m02_nodes/m02_w_node/inst/inst_si_handler/gen_si_handler.gen_request_fifos.gen_req_fifo[0].inst_req_fifo/gen_xpm_memory_fifo.inst_fifo/gen_mem_rep[0].inst_xpm_memory/xpm_memory_base_inst block.
INFO: [Memdata 28-167] Found XPM memory block design_1_i/axi_smc/inst/m02_nodes/m02_w_node/inst/inst_mi_handler/gen_normal_area.inst_fifo_node_payld/gen_xpm_memory_fifo.inst_fifo/gen_mem_rep[0].inst_xpm_memory/xpm_memory_base_inst with a P_MEMORY_PRIMITIVE property set to distributed. A value of block is required. You will not be able to use the updatemem program to update the bitstream with new data for the design_1_i/axi_smc/inst/m02_nodes/m02_w_node/inst/inst_mi_handler/gen_normal_area.inst_fifo_node_payld/gen_xpm_memory_fifo.inst_fifo/gen_mem_rep[0].inst_xpm_memory/xpm_memory_base_inst block.
INFO: [Memdata 28-167] Found XPM memory block design_1_i/axi_smc/inst/m02_nodes/m02_r_node/inst/inst_mi_handler/gen_normal_area.inst_fifo_node_payld/gen_xpm_memory_fifo.inst_fifo/gen_mem_rep[0].inst_xpm_memory/xpm_memory_base_inst with a P_MEMORY_PRIMITIVE property set to distributed. A value of block is required. You will not be able to use the updatemem program to update the bitstream with new data for the design_1_i/axi_smc/inst/m02_nodes/m02_r_node/inst/inst_mi_handler/gen_normal_area.inst_fifo_node_payld/gen_xpm_memory_fifo.inst_fifo/gen_mem_rep[0].inst_xpm_memory/xpm_memory_base_inst block.
INFO: [Memdata 28-167] Found XPM memory block design_1_i/axi_smc/inst/m02_nodes/m02_r_node/inst/inst_mi_handler/gen_normal_area.gen_fifo_req.inst_fifo_req/gen_xpm_memory_fifo.inst_fifo/gen_mem_rep[0].inst_xpm_memory/xpm_memory_base_inst with a P_MEMORY_PRIMITIVE property set to distributed. A value of block is required. You will not be able to use the updatemem program to update the bitstream with new data for the design_1_i/axi_smc/inst/m02_nodes/m02_r_node/inst/inst_mi_handler/gen_normal_area.gen_fifo_req.inst_fifo_req/gen_xpm_memory_fifo.inst_fifo/gen_mem_rep[0].inst_xpm_memory/xpm_memory_base_inst block.
INFO: [Memdata 28-167] Found XPM memory block design_1_i/axi_smc/inst/m02_nodes/m02_b_node/inst/inst_mi_handler/gen_normal_area.inst_fifo_node_payld/gen_xpm_memory_fifo.inst_fifo/gen_mem_rep[0].inst_xpm_memory/xpm_memory_base_inst with a P_MEMORY_PRIMITIVE property set to distributed. A value of block is required. You will not be able to use the updatemem program to update the bitstream with new data for the design_1_i/axi_smc/inst/m02_nodes/m02_b_node/inst/inst_mi_handler/gen_normal_area.inst_fifo_node_payld/gen_xpm_memory_fifo.inst_fifo/gen_mem_rep[0].inst_xpm_memory/xpm_memory_base_inst block.
INFO: [Memdata 28-167] Found XPM memory block design_1_i/axi_smc/inst/m02_nodes/m02_b_node/inst/inst_mi_handler/gen_normal_area.gen_fifo_req.inst_fifo_req/gen_xpm_memory_fifo.inst_fifo/gen_mem_rep[0].inst_xpm_memory/xpm_memory_base_inst with a P_MEMORY_PRIMITIVE property set to distributed. A value of block is required. You will not be able to use the updatemem program to update the bitstream with new data for the design_1_i/axi_smc/inst/m02_nodes/m02_b_node/inst/inst_mi_handler/gen_normal_area.gen_fifo_req.inst_fifo_req/gen_xpm_memory_fifo.inst_fifo/gen_mem_rep[0].inst_xpm_memory/xpm_memory_base_inst block.
INFO: [Memdata 28-167] Found XPM memory block design_1_i/axi_smc/inst/m02_nodes/m02_aw_node/inst/inst_mi_handler/gen_normal_area.inst_fifo_node_payld/gen_xpm_memory_fifo.inst_fifo/gen_mem_rep[0].inst_xpm_memory/xpm_memory_base_inst with a P_MEMORY_PRIMITIVE property set to distributed. A value of block is required. You will not be able to use the updatemem program to update the bitstream with new data for the design_1_i/axi_smc/inst/m02_nodes/m02_aw_node/inst/inst_mi_handler/gen_normal_area.inst_fifo_node_payld/gen_xpm_memory_fifo.inst_fifo/gen_mem_rep[0].inst_xpm_memory/xpm_memory_base_inst block.
INFO: [Memdata 28-167] Found XPM memory block design_1_i/axi_smc/inst/m02_nodes/m02_ar_node/inst/inst_mi_handler/gen_normal_area.inst_fifo_node_payld/gen_xpm_memory_fifo.inst_fifo/gen_mem_rep[0].inst_xpm_memory/xpm_memory_base_inst with a P_MEMORY_PRIMITIVE property set to distributed. A value of block is required. You will not be able to use the updatemem program to update the bitstream with new data for the design_1_i/axi_smc/inst/m02_nodes/m02_ar_node/inst/inst_mi_handler/gen_normal_area.inst_fifo_node_payld/gen_xpm_memory_fifo.inst_fifo/gen_mem_rep[0].inst_xpm_memory/xpm_memory_base_inst block.
INFO: [Memdata 28-167] Found XPM memory block design_1_i/axi_smc/inst/m01_nodes/m01_w_node/inst/inst_si_handler/gen_si_handler.gen_request_fifos.gen_req_fifo[0].inst_req_fifo/gen_xpm_memory_fifo.inst_fifo/gen_mem_rep[0].inst_xpm_memory/xpm_memory_base_inst with a P_MEMORY_PRIMITIVE property set to distributed. A value of block is required. You will not be able to use the updatemem program to update the bitstream with new data for the design_1_i/axi_smc/inst/m01_nodes/m01_w_node/inst/inst_si_handler/gen_si_handler.gen_request_fifos.gen_req_fifo[0].inst_req_fifo/gen_xpm_memory_fifo.inst_fifo/gen_mem_rep[0].inst_xpm_memory/xpm_memory_base_inst block.
INFO: [Memdata 28-167] Found XPM memory block design_1_i/axi_smc/inst/m01_nodes/m01_w_node/inst/inst_mi_handler/gen_normal_area.inst_fifo_node_payld/gen_xpm_memory_fifo.inst_fifo/gen_mem_rep[0].inst_xpm_memory/xpm_memory_base_inst with a P_MEMORY_PRIMITIVE property set to distributed. A value of block is required. You will not be able to use the updatemem program to update the bitstream with new data for the design_1_i/axi_smc/inst/m01_nodes/m01_w_node/inst/inst_mi_handler/gen_normal_area.inst_fifo_node_payld/gen_xpm_memory_fifo.inst_fifo/gen_mem_rep[0].inst_xpm_memory/xpm_memory_base_inst block.
INFO: [Memdata 28-167] Found XPM memory block design_1_i/axi_smc/inst/m01_nodes/m01_r_node/inst/inst_mi_handler/gen_normal_area.inst_fifo_node_payld/gen_xpm_memory_fifo.inst_fifo/gen_mem_rep[0].inst_xpm_memory/xpm_memory_base_inst with a P_MEMORY_PRIMITIVE property set to distributed. A value of block is required. You will not be able to use the updatemem program to update the bitstream with new data for the design_1_i/axi_smc/inst/m01_nodes/m01_r_node/inst/inst_mi_handler/gen_normal_area.inst_fifo_node_payld/gen_xpm_memory_fifo.inst_fifo/gen_mem_rep[0].inst_xpm_memory/xpm_memory_base_inst block.
INFO: [Memdata 28-167] Found XPM memory block design_1_i/axi_smc/inst/m01_nodes/m01_r_node/inst/inst_mi_handler/gen_normal_area.gen_fifo_req.inst_fifo_req/gen_xpm_memory_fifo.inst_fifo/gen_mem_rep[0].inst_xpm_memory/xpm_memory_base_inst with a P_MEMORY_PRIMITIVE property set to distributed. A value of block is required. You will not be able to use the updatemem program to update the bitstream with new data for the design_1_i/axi_smc/inst/m01_nodes/m01_r_node/inst/inst_mi_handler/gen_normal_area.gen_fifo_req.inst_fifo_req/gen_xpm_memory_fifo.inst_fifo/gen_mem_rep[0].inst_xpm_memory/xpm_memory_base_inst block.
INFO: [Memdata 28-167] Found XPM memory block design_1_i/axi_smc/inst/m01_nodes/m01_b_node/inst/inst_mi_handler/gen_normal_area.inst_fifo_node_payld/gen_xpm_memory_fifo.inst_fifo/gen_mem_rep[0].inst_xpm_memory/xpm_memory_base_inst with a P_MEMORY_PRIMITIVE property set to distributed. A value of block is required. You will not be able to use the updatemem program to update the bitstream with new data for the design_1_i/axi_smc/inst/m01_nodes/m01_b_node/inst/inst_mi_handler/gen_normal_area.inst_fifo_node_payld/gen_xpm_memory_fifo.inst_fifo/gen_mem_rep[0].inst_xpm_memory/xpm_memory_base_inst block.
INFO: [Memdata 28-167] Found XPM memory block design_1_i/axi_smc/inst/m01_nodes/m01_b_node/inst/inst_mi_handler/gen_normal_area.gen_fifo_req.inst_fifo_req/gen_xpm_memory_fifo.inst_fifo/gen_mem_rep[0].inst_xpm_memory/xpm_memory_base_inst with a P_MEMORY_PRIMITIVE property set to distributed. A value of block is required. You will not be able to use the updatemem program to update the bitstream with new data for the design_1_i/axi_smc/inst/m01_nodes/m01_b_node/inst/inst_mi_handler/gen_normal_area.gen_fifo_req.inst_fifo_req/gen_xpm_memory_fifo.inst_fifo/gen_mem_rep[0].inst_xpm_memory/xpm_memory_base_inst block.
INFO: [Memdata 28-167] Found XPM memory block design_1_i/axi_smc/inst/m01_nodes/m01_aw_node/inst/inst_mi_handler/gen_normal_area.inst_fifo_node_payld/gen_xpm_memory_fifo.inst_fifo/gen_mem_rep[0].inst_xpm_memory/xpm_memory_base_inst with a P_MEMORY_PRIMITIVE property set to distributed. A value of block is required. You will not be able to use the updatemem program to update the bitstream with new data for the design_1_i/axi_smc/inst/m01_nodes/m01_aw_node/inst/inst_mi_handler/gen_normal_area.inst_fifo_node_payld/gen_xpm_memory_fifo.inst_fifo/gen_mem_rep[0].inst_xpm_memory/xpm_memory_base_inst block.
INFO: [Memdata 28-167] Found XPM memory block design_1_i/axi_smc/inst/m01_nodes/m01_ar_node/inst/inst_mi_handler/gen_normal_area.inst_fifo_node_payld/gen_xpm_memory_fifo.inst_fifo/gen_mem_rep[0].inst_xpm_memory/xpm_memory_base_inst with a P_MEMORY_PRIMITIVE property set to distributed. A value of block is required. You will not be able to use the updatemem program to update the bitstream with new data for the design_1_i/axi_smc/inst/m01_nodes/m01_ar_node/inst/inst_mi_handler/gen_normal_area.inst_fifo_node_payld/gen_xpm_memory_fifo.inst_fifo/gen_mem_rep[0].inst_xpm_memory/xpm_memory_base_inst block.
INFO: [Memdata 28-167] Found XPM memory block design_1_i/axi_smc/inst/m00_nodes/m00_w_node/inst/inst_si_handler/gen_si_handler.gen_request_fifos.gen_req_fifo[0].inst_req_fifo/gen_xpm_memory_fifo.inst_fifo/gen_mem_rep[0].inst_xpm_memory/xpm_memory_base_inst with a P_MEMORY_PRIMITIVE property set to distributed. A value of block is required. You will not be able to use the updatemem program to update the bitstream with new data for the design_1_i/axi_smc/inst/m00_nodes/m00_w_node/inst/inst_si_handler/gen_si_handler.gen_request_fifos.gen_req_fifo[0].inst_req_fifo/gen_xpm_memory_fifo.inst_fifo/gen_mem_rep[0].inst_xpm_memory/xpm_memory_base_inst block.
INFO: [Memdata 28-167] Found XPM memory block design_1_i/axi_smc/inst/m00_nodes/m00_w_node/inst/inst_mi_handler/gen_normal_area.inst_fifo_node_payld/gen_xpm_memory_fifo.inst_fifo/gen_mem_rep[0].inst_xpm_memory/xpm_memory_base_inst with a P_MEMORY_PRIMITIVE property set to distributed. A value of block is required. You will not be able to use the updatemem program to update the bitstream with new data for the design_1_i/axi_smc/inst/m00_nodes/m00_w_node/inst/inst_mi_handler/gen_normal_area.inst_fifo_node_payld/gen_xpm_memory_fifo.inst_fifo/gen_mem_rep[0].inst_xpm_memory/xpm_memory_base_inst block.
INFO: [Memdata 28-167] Found XPM memory block design_1_i/axi_smc/inst/m00_nodes/m00_r_node/inst/inst_mi_handler/gen_normal_area.inst_fifo_node_payld/gen_xpm_memory_fifo.inst_fifo/gen_mem_rep[0].inst_xpm_memory/xpm_memory_base_inst with a P_MEMORY_PRIMITIVE property set to distributed. A value of block is required. You will not be able to use the updatemem program to update the bitstream with new data for the design_1_i/axi_smc/inst/m00_nodes/m00_r_node/inst/inst_mi_handler/gen_normal_area.inst_fifo_node_payld/gen_xpm_memory_fifo.inst_fifo/gen_mem_rep[0].inst_xpm_memory/xpm_memory_base_inst block.
INFO: [Memdata 28-167] Found XPM memory block design_1_i/axi_smc/inst/m00_nodes/m00_r_node/inst/inst_mi_handler/gen_normal_area.gen_fifo_req.inst_fifo_req/gen_xpm_memory_fifo.inst_fifo/gen_mem_rep[0].inst_xpm_memory/xpm_memory_base_inst with a P_MEMORY_PRIMITIVE property set to distributed. A value of block is required. You will not be able to use the updatemem program to update the bitstream with new data for the design_1_i/axi_smc/inst/m00_nodes/m00_r_node/inst/inst_mi_handler/gen_normal_area.gen_fifo_req.inst_fifo_req/gen_xpm_memory_fifo.inst_fifo/gen_mem_rep[0].inst_xpm_memory/xpm_memory_base_inst block.
INFO: [Memdata 28-167] Found XPM memory block design_1_i/axi_smc/inst/m00_nodes/m00_b_node/inst/inst_mi_handler/gen_normal_area.inst_fifo_node_payld/gen_xpm_memory_fifo.inst_fifo/gen_mem_rep[0].inst_xpm_memory/xpm_memory_base_inst with a P_MEMORY_PRIMITIVE property set to distributed. A value of block is required. You will not be able to use the updatemem program to update the bitstream with new data for the design_1_i/axi_smc/inst/m00_nodes/m00_b_node/inst/inst_mi_handler/gen_normal_area.inst_fifo_node_payld/gen_xpm_memory_fifo.inst_fifo/gen_mem_rep[0].inst_xpm_memory/xpm_memory_base_inst block.
INFO: [Memdata 28-167] Found XPM memory block design_1_i/axi_smc/inst/m00_nodes/m00_b_node/inst/inst_mi_handler/gen_normal_area.gen_fifo_req.inst_fifo_req/gen_xpm_memory_fifo.inst_fifo/gen_mem_rep[0].inst_xpm_memory/xpm_memory_base_inst with a P_MEMORY_PRIMITIVE property set to distributed. A value of block is required. You will not be able to use the updatemem program to update the bitstream with new data for the design_1_i/axi_smc/inst/m00_nodes/m00_b_node/inst/inst_mi_handler/gen_normal_area.gen_fifo_req.inst_fifo_req/gen_xpm_memory_fifo.inst_fifo/gen_mem_rep[0].inst_xpm_memory/xpm_memory_base_inst block.
INFO: [Memdata 28-167] Found XPM memory block design_1_i/axi_smc/inst/m00_nodes/m00_aw_node/inst/inst_mi_handler/gen_normal_area.inst_fifo_node_payld/gen_xpm_memory_fifo.inst_fifo/gen_mem_rep[0].inst_xpm_memory/xpm_memory_base_inst with a P_MEMORY_PRIMITIVE property set to distributed. A value of block is required. You will not be able to use the updatemem program to update the bitstream with new data for the design_1_i/axi_smc/inst/m00_nodes/m00_aw_node/inst/inst_mi_handler/gen_normal_area.inst_fifo_node_payld/gen_xpm_memory_fifo.inst_fifo/gen_mem_rep[0].inst_xpm_memory/xpm_memory_base_inst block.
INFO: [Memdata 28-167] Found XPM memory block design_1_i/axi_smc/inst/m00_nodes/m00_ar_node/inst/inst_mi_handler/gen_normal_area.inst_fifo_node_payld/gen_xpm_memory_fifo.inst_fifo/gen_mem_rep[0].inst_xpm_memory/xpm_memory_base_inst with a P_MEMORY_PRIMITIVE property set to distributed. A value of block is required. You will not be able to use the updatemem program to update the bitstream with new data for the design_1_i/axi_smc/inst/m00_nodes/m00_ar_node/inst/inst_mi_handler/gen_normal_area.inst_fifo_node_payld/gen_xpm_memory_fifo.inst_fifo/gen_mem_rep[0].inst_xpm_memory/xpm_memory_base_inst block.
Command: write_bitstream -force design_1_wrapper.bit
Attempting to get a license for feature 'Vivado_Implementation' and/or device 'xck26'
INFO: [Common 17-349] Got license for feature 'Vivado_Implementation' and/or device 'xck26'
Running DRC as a precondition to command write_bitstream
INFO: [IP_Flow 19-1839] IP Catalog is up to date.
INFO: [DRC 23-27] Running DRC with 8 threads
INFO: [Vivado 12-3199] DRC finished with 0 Errors
INFO: [Vivado 12-3200] Please refer to the DRC report (report_drc) for more information.
Integrating Hard IP ELF/MEM with the PDI.
INFO: [Designutils 20-2272] Running write_bitstream with 8 threads.
Initializing bitstream generation complete. Time (s): cpu = 00:00:03 ; elapsed = 00:00:03 . Memory (MB): peak = 5158.035 ; gain = 0.000 ; free physical = 1197 ; free virtual = 15601
Loading data files...
Loading site data...
Loading route data...
Processing options...
Creating bitmap...
Creating bitstream...
Writing bitstream ./design_1_wrapper.bit...
Generate Bitstream complete. Time (s): cpu = 00:01:37 ; elapsed = 00:00:33 . Memory (MB): peak = 5158.035 ; gain = 0.000 ; free physical = 1106 ; free virtual = 15608
INFO: [Vivado 12-1842] Bitgen Completed Successfully.
INFO: [Common 17-83] Releasing license: Vivado_Implementation
211 Infos, 66 Warnings, 0 Critical Warnings and 0 Errors encountered.
write_bitstream completed successfully
write_bitstream: Time (s): cpu = 00:02:12 ; elapsed = 00:01:14 . Memory (MB): peak = 5158.035 ; gain = 0.000 ; free physical = 1208 ; free virtual = 15676
INFO: [Common 17-206] Exiting Vivado at Wed Aug 19 12:41:00 2026...
[Wed Aug 19 12:41:06 2026] impl_1 finished
wait_on_runs: Time (s): cpu = 00:00:13 ; elapsed = 00:22:30 . Memory (MB): peak = 3066.504 ; gain = 0.000 ; free physical = 4990 ; free virtual = 19462
# if {![string match "*Complete*" [get_property STATUS [get_runs impl_1]]]} {
#     error "implementation failed: [get_property STATUS [get_runs impl_1]]"
# }
# open_run impl_1
Netlist sorting complete. Time (s): cpu = 00:00:00.89 ; elapsed = 00:00:00.94 . Memory (MB): peak = 3066.504 ; gain = 0.000 ; free physical = 4392 ; free virtual = 18978
INFO: [Netlist 29-17] Analyzing 1085 Unisim elements for replacement
INFO: [Netlist 29-28] Unisim Transformation completed in 1 CPU seconds
INFO: [Project 1-479] Netlist was created with Vivado 2026.1
INFO: [Project 1-570] Preparing netlist for logic optimization
Read ShapeDB Complete: Time (s): cpu = 00:00:00.82 ; elapsed = 00:00:00.87 . Memory (MB): peak = 3066.504 ; gain = 0.000 ; free physical = 3809 ; free virtual = 18434
INFO: [Timing 38-478] Restoring timing data from binary archive.
INFO: [Timing 38-479] Binary timing data restore complete.
INFO: [Project 1-856] Restoring constraints from binary archive.
INFO: [Project 1-853] Binary constraint restore complete.
INFO: [Designutils 20-5722] Start Reading Physical Databases.
Reading placement.
Read Netlist Cache: Time (s): cpu = 00:00:00.13 ; elapsed = 00:00:00.14 . Memory (MB): peak = 3459.461 ; gain = 0.000 ; free physical = 3305 ; free virtual = 17896
Reading placer database...
Read Device Cache: Time (s): cpu = 00:00:00.1 ; elapsed = 00:00:00.1 . Memory (MB): peak = 3459.461 ; gain = 0.000 ; free physical = 3297 ; free virtual = 17888
Read PlaceDB: Time (s): cpu = 00:00:00 ; elapsed = 00:00:00.01 . Memory (MB): peak = 3459.461 ; gain = 0.000 ; free physical = 3297 ; free virtual = 17888
Read placeStorage: Time (s): cpu = 00:00:06 ; elapsed = 00:00:06 . Memory (MB): peak = 3506.078 ; gain = 46.617 ; free physical = 3083 ; free virtual = 17691
Read PulsedLatchDB: Time (s): cpu = 00:00:00 ; elapsed = 00:00:00 . Memory (MB): peak = 3506.078 ; gain = 0.000 ; free physical = 3079 ; free virtual = 17689
Reading routing.
Read RouteStorage: Time (s): cpu = 00:00:23 ; elapsed = 00:00:21 . Memory (MB): peak = 3925.922 ; gain = 419.844 ; free physical = 2122 ; free virtual = 16718
Read Physdb Files: Time (s): cpu = 00:00:29 ; elapsed = 00:00:27 . Memory (MB): peak = 3925.922 ; gain = 466.461 ; free physical = 2114 ; free virtual = 16712
Restored from archive | CPU: 30.100000 secs | Memory: 430.670059 MB |
Finished XDEF File Restore: Time (s): cpu = 00:00:29 ; elapsed = 00:00:28 . Memory (MB): peak = 3925.922 ; gain = 466.461 ; free physical = 2107 ; free virtual = 16707
Netlist sorting complete. Time (s): cpu = 00:00:00.02 ; elapsed = 00:00:00.02 . Memory (MB): peak = 3925.922 ; gain = 0.000 ; free physical = 2087 ; free virtual = 16692
INFO: [Project 1-111] Unisim Transformation Summary:
  A total of 243 instances were transformed.
  DSP48E2 => DSP48E2 (DSP_ALU, DSP_A_B_DATA, DSP_C_DATA, DSP_MULTIPLIER, DSP_M_DATA, DSP_OUTPUT, DSP_PREADD, DSP_PREADD_DATA): 10 instances
  IBUFDS_DPHY => IBUFDS_DPHY (DPHY_DIFFINBUF, IBUFCTRL): 3 instances
  IOBUF => IOBUF (IBUFCTRL, INBUF, OBUFT): 2 instances
  RAM16X1D => RAM32X1D (RAMD32(x2)): 6 instances
  RAM32M => RAM32M (RAMD32(x6), RAMS32(x2)): 11 instances
  RAM32M16 => RAM32M16 (RAMD32(x14), RAMS32(x2)): 198 instances
  RAM32X1D => RAM32X1D (RAMD32(x2)): 13 instances

open_run: Time (s): cpu = 00:01:28 ; elapsed = 00:01:30 . Memory (MB): peak = 3925.957 ; gain = 859.453 ; free physical = 2103 ; free virtual = 16708
# set constrained_pin [get_package_pins -quiet F11]
# set enable_port [get_ports -quiet rpi_cam_en]
# set enable_loc [get_property LOC $enable_port]
# if {$constrained_pin eq "" || $enable_port eq "" || $enable_loc ne "F11"} {
#     error "rpi_cam_en is not constrained to F11; refusing to export"
# }
rpi_cam_en is not constrained to F11; refusing to export
INFO: [Common 17-206] Exiting Vivado at Wed Aug 19 12:42:36 2026...
